,id,age,income,children,gender,region,married,car,savings_acct,current_acct,mortgage,pep,gender_FEMALE,gender_MALE,region_INNER_CITY,region_RURAL,region_SUBURBAN,region_TOWN,married_NO,married_YES,car_NO,car_YES,savings_acct_NO,savings_acct_YES,current_acct_NO,current_acct_YES,mortgage_NO,mortgage_YES,pep_NO,pep_YES
0,ID12101,0.61,0.22,0.33,FEMALE,INNER_CITY,NO,NO,NO,NO,NO,YES,1,0,1,0,0,0,1,0,1,0,1,0,1,0,1,0,0,1
1,ID12102,0.45,0.43,1.00,MALE,TOWN,YES,YES,NO,YES,YES,NO,0,1,0,0,0,1,0,1,0,1,1,0,0,1,0,1,1,0
2,ID12103,0.67,0.20,0.00,FEMALE,INNER_CITY,YES,YES,YES,YES,NO,NO,1,0,1,0,0,0,0,1,0,1,0,1,0,1,1,0,1,0
3,ID12104,0.10,0.26,1.00,FEMALE,TOWN,YES,NO,NO,YES,NO,NO,1,0,0,0,0,1,0,1,1,0,1,0,0,1,1,0,1,0
4,ID12105,0.80,0.78,0.00,FEMALE,RURAL,YES,NO,YES,NO,NO,NO,1,0,0,1,0,0,0,1,1,0,0,1,1,0,1,0,1,0
5,ID12106,0.80,0.57,0.67,FEMALE,TOWN,YES,NO,YES,YES,NO,YES,1,0,0,0,0,1,0,1,1,0,0,1,0,1,1,0,0,1
6,ID12107,0.08,0.07,0.00,MALE,RURAL,NO,NO,NO,YES,NO,YES,0,1,0,1,0,0,1,0,1,0,1,0,0,1,1,0,0,1
7,ID12108,0.82,0.34,0.00,MALE,TOWN,YES,YES,YES,YES,NO,NO,0,1,0,0,0,1,0,1,0,1,0,1,0,1,1,0,1,0
8,ID12109,0.39,0.35,0.67,FEMALE,SUBURBAN,YES,YES,NO,NO,NO,NO,1,0,0,0,1,0,0,1,0,1,1,0,1,0,1,0,1,0
9,ID12110,0.73,0.33,0.67,MALE,TOWN,YES,YES,YES,YES,NO,NO,0,1,0,0,0,1,0,1,0,1,0,1,0,1,1,0,1,0
10,ID12111,0.98,0.94,0.00,FEMALE,TOWN,YES,NO,YES,YES,NO,NO,1,0,0,0,0,1,0,1,1,0,0,1,0,1,1,0,1,0
11,ID12112,0.69,0.37,0.00,FEMALE,INNER_CITY,NO,YES,YES,YES,YES,NO,1,0,1,0,0,0,1,0,0,1,0,1,0,1,0,1,1,0
12,ID12113,0.53,0.18,0.33,FEMALE,TOWN,YES,NO,YES,YES,YES,YES,1,0,0,0,0,1,0,1,1,0,0,1,0,1,0,1,0,1
13,ID12114,0.98,0.86,0.33,FEMALE,TOWN,YES,YES,YES,YES,YES,YES,1,0,0,0,0,1,0,1,0,1,0,1,0,1,0,1,0,1
14,ID12115,0.37,0.25,0.00,MALE,RURAL,YES,NO,YES,YES,YES,NO,0,1,0,1,0,0,0,1,1,0,0,1,0,1,0,1,1,0
15,ID12116,0.41,0.30,0.00,FEMALE,INNER_CITY,YES,YES,YES,YES,YES,NO,1,0,1,0,0,0,0,1,0,1,0,1,0,1,0,1,1,0
16,ID12117,0.39,0.22,0.67,FEMALE,TOWN,YES,NO,NO,NO,YES,NO,1,0,0,0,0,1,0,1,1,0,1,0,1,0,0,1,1,0
17,ID12118,0.57,0.62,0.00,FEMALE,SUBURBAN,YES,NO,YES,NO,YES,NO,1,0,0,0,1,0,0,1,1,0,0,1,1,0,0,1,1,0
18,ID12119,0.90,0.38,0.00,FEMALE,INNER_CITY,YES,NO,YES,NO,NO,YES,1,0,1,0,0,0,0,1,1,0,0,1,1,0,1,0,0,1
19,ID12120,0.27,0.30,0.00,MALE,TOWN,YES,YES,YES,YES,NO,NO,0,1,0,0,0,1,0,1,0,1,0,1,0,1,1,0,1,0
20,ID12121,0.88,0.91,0.67,MALE,INNER_CITY,YES,NO,YES,NO,NO,YES,0,1,1,0,0,0,0,1,1,0,0,1,1,0,1,0,0,1
21,ID12122,0.65,0.20,0.67,MALE,TOWN,YES,NO,YES,YES,NO,NO,0,1,0,0,0,1,0,1,1,0,0,1,0,1,1,0,1,0
22,ID12123,0.73,0.58,0.00,MALE,INNER_CITY,YES,NO,YES,YES,NO,NO,0,1,1,0,0,0,0,1,1,0,0,1,0,1,1,0,1,0
23,ID12124,0.18,0.18,0.00,FEMALE,TOWN,NO,YES,YES,YES,YES,NO,1,0,0,0,0,1,1,0,0,1,0,1,0,1,0,1,1,0
24,ID12125,0.08,0.13,0.67,MALE,INNER_CITY,NO,YES,YES,YES,NO,NO,0,1,1,0,0,0,1,0,0,1,0,1,0,1,1,0,1,0
25,ID12126,0.78,0.62,0.00,MALE,INNER_CITY,YES,YES,YES,YES,YES,NO,0,1,1,0,0,0,0,1,0,1,0,1,0,1,0,1,1,0
26,ID12127,0.55,0.27,0.00,MALE,INNER_CITY,YES,NO,YES,YES,YES,NO,0,1,1,0,0,0,0,1,1,0,0,1,0,1,0,1,1,0
27,ID12128,0.43,0.26,0.33,FEMALE,TOWN,YES,NO,NO,YES,NO,YES,1,0,0,0,0,1,0,1,1,0,1,0,0,1,1,0,0,1
28,ID12129,0.43,0.42,1.00,FEMALE,INNER_CITY,NO,YES,NO,YES,YES,NO,1,0,1,0,0,0,1,0,0,1,1,0,0,1,0,1,1,0
29,ID12130,0.88,0.33,0.33,MALE,RURAL,YES,NO,NO,YES,NO,YES,0,1,0,1,0,0,0,1,1,0,1,0,0,1,1,0,0,1
30,ID12131,0.88,0.31,0.67,FEMALE,RURAL,YES,NO,YES,YES,NO,NO,1,0,0,1,0,0,0,1,1,0,0,1,0,1,1,0,1,0
31,ID12132,0.04,0.19,0.67,FEMALE,TOWN,YES,NO,YES,NO,NO,NO,1,0,0,0,0,1,0,1,1,0,0,1,1,0,1,0,1,0
32,ID12133,0.55,0.32,0.33,MALE,SUBURBAN,YES,YES,YES,YES,NO,YES,0,1,0,0,1,0,0,1,0,1,0,1,0,1,1,0,0,1
33,ID12134,0.31,0.43,1.00,FEMALE,INNER_CITY,NO,YES,YES,NO,NO,NO,1,0,1,0,0,0,1,0,0,1,0,1,1,0,1,0,1,0
34,ID12135,0.51,0.56,0.00,MALE,SUBURBAN,NO,NO,YES,YES,NO,YES,0,1,0,0,1,0,1,0,1,0,0,1,0,1,1,0,0,1
35,ID12136,0.18,0.26,0.67,FEMALE,INNER_CITY,YES,NO,YES,YES,NO,NO,1,0,1,0,0,0,0,1,1,0,0,1,0,1,1,0,1,0
36,ID12137,0.02,0.10,1.00,MALE,RURAL,YES,YES,YES,YES,NO,NO,0,1,0,1,0,0,0,1,0,1,0,1,0,1,1,0,1,0
37,ID12138,0.37,0.14,0.00,FEMALE,RURAL,NO,YES,NO,YES,NO,YES,1,0,0,1,0,0,1,0,0,1,1,0,0,1,1,0,0,1
38,ID12139,0.51,0.23,0.00,FEMALE,TOWN,YES,YES,YES,YES,NO,NO,1,0,0,0,0,1,0,1,0,1,0,1,0,1,1,0,1,0
39,ID12140,0.98,0.35,0.67,FEMALE,SUBURBAN,NO,NO,NO,YES,NO,NO,1,0,0,0,1,0,1,0,1,0,1,0,0,1,1,0,1,0
40,ID12141,0.76,0.37,0.00,MALE,TOWN,YES,NO,NO,YES,YES,YES,0,1,0,0,0,1,0,1,1,0,1,0,0,1,0,1,0,1
41,ID12142,0.59,0.38,0.00,FEMALE,INNER_CITY,YES,YES,NO,YES,NO,NO,1,0,1,0,0,0,0,1,0,1,1,0,0,1,1,0,1,0
42,ID12143,1.00,0.87,0.67,MALE,TOWN,NO,YES,YES,NO,NO,YES,0,1,0,0,0,1,1,0,0,1,0,1,1,0,1,0,0,1
43,ID12144,0.29,0.39,0.00,FEMALE,TOWN,YES,YES,NO,YES,YES,NO,1,0,0,0,0,1,0,1,0,1,1,0,0,1,0,1,1,0
44,ID12145,0.04,0.15,0.67,MALE,INNER_CITY,NO,YES,YES,YES,YES,NO,0,1,1,0,0,0,1,0,0,1,0,1,0,1,0,1,1,0
45,ID12146,0.94,0.82,0.67,MALE,INNER_CITY,YES,NO,YES,YES,YES,YES,0,1,1,0,0,0,0,1,1,0,0,1,0,1,0,1,0,1
46,ID12147,0.65,0.14,0.33,FEMALE,INNER_CITY,NO,YES,YES,YES,NO,YES,1,0,1,0,0,0,1,0,0,1,0,1,0,1,1,0,0,1
47,ID12148,0.22,0.14,0.67,MALE,INNER_CITY,NO,NO,YES,YES,YES,YES,0,1,1,0,0,0,1,0,1,0,0,1,0,1,0,1,0,1
48,ID12149,0.69,0.59,0.67,MALE,INNER_CITY,NO,YES,NO,YES,NO,YES,0,1,1,0,0,0,1,0,0,1,1,0,0,1,1,0,0,1
49,ID12150,0.59,0.22,0.67,FEMALE,RURAL,YES,YES,YES,NO,NO,NO,1,0,0,1,0,0,0,1,0,1,0,1,1,0,1,0,1,0
50,ID12151,0.12,0.16,0.67,MALE,TOWN,NO,YES,YES,NO,NO,NO,0,1,0,0,0,1,1,0,0,1,0,1,1,0,1,0,1,0
51,ID12152,0.37,0.32,0.00,MALE,TOWN,YES,NO,NO,NO,NO,NO,0,1,0,0,0,1,0,1,1,0,1,0,1,0,1,0,1,0
52,ID12153,0.51,0.19,0.33,MALE,TOWN,YES,NO,YES,YES,NO,YES,0,1,0,0,0,1,0,1,1,0,0,1,0,1,1,0,0,1
53,ID12154,0.61,0.43,0.33,MALE,SUBURBAN,NO,NO,YES,YES,NO,YES,0,1,0,0,1,0,1,0,1,0,0,1,0,1,1,0,0,1
54,ID12155,0.92,0.89,0.00,MALE,TOWN,YES,NO,YES,YES,YES,NO,0,1,0,0,0,1,0,1,1,0,0,1,0,1,0,1,1,0
55,ID12156,0.69,0.74,1.00,FEMALE,RURAL,NO,NO,YES,NO,NO,YES,1,0,0,1,0,0,1,0,1,0,0,1,1,0,1,0,0,1
56,ID12157,0.82,0.34,0.00,FEMALE,INNER_CITY,NO,NO,NO,YES,NO,YES,1,0,1,0,0,0,1,0,1,0,1,0,0,1,1,0,0,1
57,ID12158,0.20,0.31,0.00,MALE,INNER_CITY,YES,NO,YES,YES,NO,YES,0,1,1,0,0,0,0,1,1,0,0,1,0,1,1,0,0,1
58,ID12159,0.22,0.17,0.00,FEMALE,INNER_CITY,YES,NO,NO,YES,NO,NO,1,0,1,0,0,0,0,1,1,0,1,0,0,1,1,0,1,0
59,ID12160,0.33,0.35,0.33,MALE,INNER_CITY,NO,YES,YES,YES,YES,YES,0,1,1,0,0,0,1,0,0,1,0,1,0,1,0,1,0,1
60,ID12161,0.49,0.34,0.33,FEMALE,INNER_CITY,YES,NO,YES,YES,YES,YES,1,0,1,0,0,0,0,1,1,0,0,1,0,1,0,1,0,1
61,ID12162,0.96,0.54,0.33,FEMALE,INNER_CITY,NO,YES,NO,YES,NO,YES,1,0,1,0,0,0,1,0,0,1,1,0,0,1,1,0,0,1
62,ID12163,0.59,0.38,0.67,MALE,INNER_CITY,YES,NO,YES,YES,NO,NO,0,1,1,0,0,0,0,1,1,0,0,1,0,1,1,0,1,0
63,ID12164,0.04,0.12,0.00,MALE,INNER_CITY,YES,NO,YES,NO,NO,NO,0,1,1,0,0,0,0,1,1,0,0,1,1,0,1,0,1,0
64,ID12165,0.06,0.00,0.00,MALE,TOWN,NO,YES,YES,YES,YES,NO,0,1,0,0,0,1,1,0,0,1,0,1,0,1,0,1,1,0
65,ID12166,0.49,0.21,0.00,MALE,INNER_CITY,YES,NO,YES,YES,NO,NO,0,1,1,0,0,0,0,1,1,0,0,1,0,1,1,0,1,0
66,ID12167,0.02,0.10,0.67,MALE,TOWN,NO,NO,YES,YES,NO,NO,0,1,0,0,0,1,1,0,1,0,0,1,0,1,1,0,1,0
67,ID12168,0.47,0.51,0.00,FEMALE,TOWN,NO,NO,YES,YES,YES,NO,1,0,0,0,0,1,1,0,1,0,0,1,0,1,0,1,1,0
68,ID12169,0.24,0.25,0.67,MALE,TOWN,NO,NO,YES,YES,NO,NO,0,1,0,0,0,1,1,0,1,0,0,1,0,1,1,0,1,0
69,ID12170,0.27,0.09,0.67,FEMALE,RURAL,YES,NO,NO,YES,NO,YES,1,0,0,1,0,0,0,1,1,0,1,0,0,1,1,0,0,1
70,ID12171,0.14,0.16,1.00,MALE,INNER_CITY,YES,YES,YES,YES,NO,NO,0,1,1,0,0,0,0,1,0,1,0,1,0,1,1,0,1,0
71,ID12172,0.06,0.05,0.00,MALE,INNER_CITY,NO,NO,NO,YES,NO,YES,0,1,1,0,0,0,1,0,1,0,1,0,0,1,1,0,0,1
72,ID12173,0.37,0.46,1.00,MALE,INNER_CITY,YES,YES,YES,YES,YES,YES,0,1,1,0,0,0,0,1,0,1,0,1,0,1,0,1,0,1
73,ID12174,0.82,0.31,0.67,FEMALE,INNER_CITY,YES,NO,YES,NO,YES,NO,1,0,1,0,0,0,0,1,1,0,0,1,1,0,0,1,1,0
74,ID12175,0.94,0.82,0.67,FEMALE,INNER_CITY,NO,YES,YES,YES,NO,YES,1,0,1,0,0,0,1,0,0,1,0,1,0,1,1,0,0,1
75,ID12176,0.84,0.53,0.67,FEMALE,RURAL,NO,YES,NO,NO,NO,YES,1,0,0,1,0,0,1,0,0,1,1,0,1,0,1,0,0,1
76,ID12177,0.55,0.38,0.00,FEMALE,TOWN,NO,NO,YES,YES,YES,NO,1,0,0,0,0,1,1,0,1,0,0,1,0,1,0,1,1,0
77,ID12178,0.88,0.76,0.33,MALE,INNER_CITY,YES,YES,YES,YES,YES,YES,0,1,1,0,0,0,0,1,0,1,0,1,0,1,0,1,0,1
78,ID12179,0.24,0.17,0.00,FEMALE,INNER_CITY,YES,YES,NO,YES,NO,NO,1,0,1,0,0,0,0,1,0,1,1,0,0,1,1,0,1,0
79,ID12180,0.82,0.51,0.67,FEMALE,TOWN,YES,YES,YES,NO,NO,YES,1,0,0,0,0,1,0,1,0,1,0,1,1,0,1,0,0,1
80,ID12181,0.65,0.29,1.00,FEMALE,TOWN,NO,NO,YES,YES,NO,YES,1,0,0,0,0,1,1,0,1,0,0,1,0,1,1,0,0,1
81,ID12182,0.24,0.39,1.00,MALE,INNER_CITY,NO,NO,NO,YES,NO,NO,0,1,1,0,0,0,1,0,1,0,1,0,0,1,1,0,1,0
82,ID12183,0.22,0.13,0.33,FEMALE,INNER_CITY,YES,NO,YES,YES,NO,NO,1,0,1,0,0,0,0,1,1,0,0,1,0,1,1,0,1,0
83,ID12184,0.35,0.20,0.33,MALE,INNER_CITY,YES,NO,YES,YES,NO,YES,0,1,1,0,0,0,0,1,1,0,0,1,0,1,1,0,0,1
84,ID12185,0.90,0.33,0.00,MALE,INNER_CITY,YES,NO,NO,YES,YES,YES,0,1,1,0,0,0,0,1,1,0,1,0,0,1,0,1,0,1
85,ID12186,0.37,0.46,0.33,MALE,INNER_CITY,YES,YES,YES,YES,NO,YES,0,1,1,0,0,0,0,1,0,1,0,1,0,1,1,0,0,1
86,ID12187,0.14,0.18,0.00,FEMALE,INNER_CITY,YES,NO,YES,YES,NO,NO,1,0,1,0,0,0,0,1,1,0,0,1,0,1,1,0,1,0
87,ID12188,0.98,0.30,0.00,FEMALE,TOWN,NO,YES,YES,YES,YES,NO,1,0,0,0,0,1,1,0,0,1,0,1,0,1,0,1,1,0
88,ID12189,0.24,0.19,0.00,MALE,SUBURBAN,YES,YES,YES,NO,YES,NO,0,1,0,0,1,0,0,1,0,1,0,1,1,0,0,1,1,0
89,ID12190,0.73,0.45,0.67,FEMALE,INNER_CITY,YES,NO,NO,YES,NO,YES,1,0,1,0,0,0,0,1,1,0,1,0,0,1,1,0,0,1
90,ID12191,0.39,0.34,0.33,MALE,TOWN,YES,YES,NO,YES,YES,YES,0,1,0,0,0,1,0,1,0,1,1,0,0,1,0,1,0,1
91,ID12192,0.20,0.35,0.67,FEMALE,INNER_CITY,NO,NO,YES,YES,YES,NO,1,0,1,0,0,0,1,0,1,0,0,1,0,1,0,1,1,0
92,ID12193,0.71,0.51,0.00,FEMALE,RURAL,NO,NO,NO,YES,NO,YES,1,0,0,1,0,0,1,0,1,0,1,0,0,1,1,0,0,1
93,ID12194,0.88,0.65,0.67,MALE,INNER_CITY,YES,YES,YES,YES,NO,NO,0,1,1,0,0,0,0,1,0,1,0,1,0,1,1,0,1,0
94,ID12195,0.88,0.62,0.00,FEMALE,INNER_CITY,YES,YES,YES,NO,NO,NO,1,0,1,0,0,0,0,1,0,1,0,1,1,0,1,0,1,0
95,ID12196,0.00,0.09,0.00,FEMALE,INNER_CITY,YES,NO,YES,YES,NO,NO,1,0,1,0,0,0,0,1,1,0,0,1,0,1,1,0,1,0
96,ID12197,0.08,0.05,0.33,MALE,INNER_CITY,YES,NO,NO,NO,YES,NO,0,1,1,0,0,0,0,1,1,0,1,0,1,0,0,1,1,0
97,ID12198,0.33,0.44,0.67,MALE,TOWN,YES,YES,YES,YES,YES,YES,0,1,0,0,0,1,0,1,0,1,0,1,0,1,0,1,0,1
98,ID12199,0.35,0.12,0.67,FEMALE,INNER_CITY,NO,NO,YES,YES,NO,NO,1,0,1,0,0,0,1,0,1,0,0,1,0,1,1,0,1,0
99,ID12200,0.00,0.18,0.00,FEMALE,RURAL,YES,YES,NO,YES,NO,NO,1,0,0,1,0,0,0,1,0,1,1,0,0,1,1,0,1,0
100,ID12201,0.73,0.37,0.33,MALE,INNER_CITY,YES,NO,YES,YES,YES,YES,0,1,1,0,0,0,0,1,1,0,0,1,0,1,0,1,0,1
101,ID12202,0.18,0.11,0.67,FEMALE,INNER_CITY,YES,YES,YES,YES,NO,NO,1,0,1,0,0,0,0,1,0,1,0,1,0,1,1,0,1,0
102,ID12203,0.49,0.18,0.00,MALE,INNER_CITY,YES,YES,NO,YES,YES,YES,0,1,1,0,0,0,0,1,0,1,1,0,0,1,0,1,0,1
103,ID12204,0.51,0.48,0.00,MALE,TOWN,NO,NO,YES,YES,YES,NO,0,1,0,0,0,1,1,0,1,0,0,1,0,1,0,1,1,0
104,ID12205,0.94,0.51,0.33,FEMALE,INNER_CITY,YES,NO,YES,YES,NO,YES,1,0,1,0,0,0,0,1,1,0,0,1,0,1,1,0,0,1
105,ID12206,0.51,0.47,1.00,MALE,TOWN,YES,YES,YES,YES,NO,NO,0,1,0,0,0,1,0,1,0,1,0,1,0,1,1,0,1,0
106,ID12207,0.63,0.72,0.00,MALE,RURAL,YES,YES,YES,NO,NO,NO,0,1,0,1,0,0,0,1,0,1,0,1,1,0,1,0,1,0
107,ID12208,0.10,0.14,0.00,MALE,INNER_CITY,YES,NO,NO,YES,NO,NO,0,1,1,0,0,0,0,1,1,0,1,0,0,1,1,0,1,0
108,ID12209,0.10,0.13,0.00,MALE,INNER_CITY,NO,NO,YES,YES,NO,YES,0,1,1,0,0,0,1,0,1,0,0,1,0,1,1,0,0,1
109,ID12210,0.24,0.33,0.67,FEMALE,INNER_CITY,YES,YES,YES,YES,YES,NO,1,0,1,0,0,0,0,1,0,1,0,1,0,1,0,1,1,0
110,ID12211,0.37,0.56,0.67,MALE,TOWN,NO,NO,YES,YES,NO,YES,0,1,0,0,0,1,1,0,1,0,0,1,0,1,1,0,0,1
111,ID12212,0.33,0.35,1.00,MALE,INNER_CITY,YES,YES,NO,NO,YES,NO,0,1,1,0,0,0,0,1,0,1,1,0,1,0,0,1,1,0
112,ID12213,0.67,0.55,0.00,FEMALE,INNER_CITY,YES,YES,NO,YES,NO,NO,1,0,1,0,0,0,0,1,0,1,1,0,0,1,1,0,1,0
113,ID12214,0.37,0.49,0.67,MALE,TOWN,NO,YES,YES,YES,NO,YES,0,1,0,0,0,1,1,0,0,1,0,1,0,1,1,0,0,1
114,ID12215,0.78,0.66,0.33,MALE,INNER_CITY,YES,YES,YES,YES,NO,YES,0,1,1,0,0,0,0,1,0,1,0,1,0,1,1,0,0,1
115,ID12216,0.73,0.74,0.00,FEMALE,INNER_CITY,YES,NO,YES,YES,NO,NO,1,0,1,0,0,0,0,1,1,0,0,1,0,1,1,0,1,0
116,ID12217,0.78,0.29,0.67,FEMALE,TOWN,YES,NO,YES,NO,NO,NO,1,0,0,0,0,1,0,1,1,0,0,1,1,0,1,0,1,0
117,ID12218,0.16,0.09,1.00,MALE,INNER_CITY,YES,NO,YES,YES,YES,NO,0,1,1,0,0,0,0,1,1,0,0,1,0,1,0,1,1,0
118,ID12219,0.43,0.21,0.00,MALE,TOWN,NO,YES,NO,NO,NO,YES,0,1,0,0,0,1,1,0,0,1,1,0,1,0,1,0,0,1
119,ID12220,0.94,0.70,1.00,FEMALE,RURAL,YES,YES,YES,YES,NO,YES,1,0,0,1,0,0,0,1,0,1,0,1,0,1,1,0,0,1
120,ID12221,0.57,0.42,0.67,MALE,RURAL,NO,NO,YES,NO,YES,NO,0,1,0,1,0,0,1,0,1,0,0,1,1,0,0,1,1,0
121,ID12222,0.90,0.86,0.33,FEMALE,RURAL,YES,YES,YES,YES,NO,YES,1,0,0,1,0,0,0,1,0,1,0,1,0,1,1,0,0,1
122,ID12223,0.37,0.27,0.33,FEMALE,TOWN,YES,NO,YES,NO,YES,YES,1,0,0,0,0,1,0,1,1,0,0,1,1,0,0,1,0,1
123,ID12224,0.35,0.48,0.33,FEMALE,RURAL,NO,NO,YES,YES,NO,YES,1,0,0,1,0,0,1,0,1,0,0,1,0,1,1,0,0,1
124,ID12225,0.59,0.69,1.00,MALE,RURAL,NO,YES,YES,NO,NO,YES,0,1,0,1,0,0,1,0,0,1,0,1,1,0,1,0,0,1
125,ID12226,0.59,0.58,0.67,MALE,INNER_CITY,YES,NO,NO,YES,NO,YES,0,1,1,0,0,0,0,1,1,0,1,0,0,1,1,0,0,1
126,ID12227,0.39,0.35,0.00,FEMALE,TOWN,YES,YES,YES,YES,NO,NO,1,0,0,0,0,1,0,1,0,1,0,1,0,1,1,0,1,0
127,ID12228,0.61,0.65,0.00,FEMALE,INNER_CITY,YES,NO,YES,YES,NO,NO,1,0,1,0,0,0,0,1,1,0,0,1,0,1,1,0,1,0
128,ID12229,0.47,0.16,1.00,MALE,TOWN,YES,YES,YES,YES,NO,NO,0,1,0,0,0,1,0,1,0,1,0,1,0,1,1,0,1,0
129,ID12230,0.18,0.28,0.00,FEMALE,RURAL,NO,YES,YES,YES,NO,YES,1,0,0,1,0,0,1,0,0,1,0,1,0,1,1,0,0,1
130,ID12231,0.51,0.31,0.67,MALE,INNER_CITY,NO,NO,NO,YES,NO,NO,0,1,1,0,0,0,1,0,1,0,1,0,0,1,1,0,1,0
131,ID12232,0.88,0.63,1.00,MALE,RURAL,YES,NO,YES,YES,YES,NO,0,1,0,1,0,0,0,1,1,0,0,1,0,1,0,1,1,0
132,ID12233,0.69,0.20,0.67,FEMALE,SUBURBAN,NO,YES,YES,YES,NO,NO,1,0,0,0,1,0,1,0,0,1,0,1,0,1,1,0,1,0
133,ID12234,0.94,0.54,0.00,FEMALE,SUBURBAN,YES,YES,NO,YES,NO,NO,1,0,0,0,1,0,0,1,0,1,1,0,0,1,1,0,1,0
134,ID12235,0.98,0.94,0.67,FEMALE,TOWN,YES,YES,YES,YES,YES,YES,1,0,0,0,0,1,0,1,0,1,0,1,0,1,0,1,0,1
135,ID12236,0.71,0.45,0.33,FEMALE,TOWN,YES,YES,YES,YES,NO,YES,1,0,0,0,0,1,0,1,0,1,0,1,0,1,1,0,0,1
136,ID12237,0.04,0.16,0.67,FEMALE,INNER_CITY,YES,YES,NO,YES,YES,NO,1,0,1,0,0,0,0,1,0,1,1,0,0,1,0,1,1,0
137,ID12238,0.80,0.59,0.00,FEMALE,INNER_CITY,NO,NO,YES,YES,NO,YES,1,0,1,0,0,0,1,0,1,0,0,1,0,1,1,0,0,1
138,ID12239,0.96,0.64,0.00,FEMALE,RURAL,YES,NO,YES,YES,NO,NO,1,0,0,1,0,0,0,1,1,0,0,1,0,1,1,0,1,0
139,ID12240,0.94,0.86,0.33,FEMALE,INNER_CITY,NO,NO,YES,YES,NO,YES,1,0,1,0,0,0,1,0,1,0,0,1,0,1,1,0,0,1
140,ID12241,0.69,0.55,1.00,MALE,INNER_CITY,YES,NO,YES,YES,NO,NO,0,1,1,0,0,0,0,1,1,0,0,1,0,1,1,0,1,0
141,ID12242,0.59,0.31,0.00,FEMALE,INNER_CITY,YES,NO,NO,YES,NO,NO,1,0,1,0,0,0,0,1,1,0,1,0,0,1,1,0,1,0
142,ID12243,0.20,0.21,0.33,FEMALE,TOWN,YES,YES,NO,NO,YES,NO,1,0,0,0,0,1,0,1,0,1,1,0,1,0,0,1,1,0
143,ID12244,0.94,0.76,0.00,MALE,TOWN,YES,YES,YES,YES,YES,NO,0,1,0,0,0,1,0,1,0,1,0,1,0,1,0,1,1,0
144,ID12245,0.14,0.24,0.33,MALE,INNER_CITY,YES,NO,YES,YES,NO,YES,0,1,1,0,0,0,0,1,1,0,0,1,0,1,1,0,0,1
145,ID12246,0.82,0.79,0.00,MALE,SUBURBAN,YES,NO,YES,NO,YES,YES,0,1,0,0,1,0,0,1,1,0,0,1,1,0,0,1,0,1
146,ID12247,0.33,0.26,0.67,MALE,TOWN,YES,YES,NO,YES,NO,NO,0,1,0,0,0,1,0,1,0,1,1,0,0,1,1,0,1,0
147,ID12248,0.04,0.24,0.67,FEMALE,INNER_CITY,NO,NO,YES,YES,NO,NO,1,0,1,0,0,0,1,0,1,0,0,1,0,1,1,0,1,0
148,ID12249,0.92,0.36,0.00,MALE,RURAL,YES,YES,YES,NO,NO,NO,0,1,0,1,0,0,0,1,0,1,0,1,1,0,1,0,1,0
149,ID12250,0.24,0.40,1.00,FEMALE,SUBURBAN,YES,YES,YES,YES,NO,NO,1,0,0,0,1,0,0,1,0,1,0,1,0,1,1,0,1,0
150,ID12251,0.71,0.40,0.33,MALE,RURAL,YES,YES,YES,YES,NO,YES,0,1,0,1,0,0,0,1,0,1,0,1,0,1,1,0,0,1
151,ID12252,0.51,0.54,0.67,MALE,TOWN,NO,YES,NO,YES,NO,YES,0,1,0,0,0,1,1,0,0,1,1,0,0,1,1,0,0,1
152,ID12253,0.92,0.85,0.67,MALE,TOWN,YES,NO,YES,NO,YES,YES,0,1,0,0,0,1,0,1,1,0,0,1,1,0,0,1,0,1
153,ID12254,0.31,0.34,0.33,MALE,INNER_CITY,YES,NO,YES,YES,YES,YES,0,1,1,0,0,0,0,1,1,0,0,1,0,1,0,1,0,1
154,ID12255,0.47,0.32,0.67,MALE,RURAL,NO,YES,NO,NO,NO,NO,0,1,0,1,0,0,1,0,0,1,1,0,1,0,1,0,1,0
155,ID12256,0.04,0.05,0.67,FEMALE,SUBURBAN,YES,NO,YES,YES,NO,YES,1,0,0,0,1,0,0,1,1,0,0,1,0,1,1,0,0,1
156,ID12257,0.65,0.37,0.00,MALE,TOWN,YES,YES,YES,YES,NO,NO,0,1,0,0,0,1,0,1,0,1,0,1,0,1,1,0,1,0
157,ID12258,0.12,0.27,0.67,MALE,RURAL,YES,YES,YES,YES,NO,NO,0,1,0,1,0,0,0,1,0,1,0,1,0,1,1,0,1,0
158,ID12259,0.86,0.28,0.00,FEMALE,TOWN,YES,NO,NO,YES,NO,YES,1,0,0,0,0,1,0,1,1,0,1,0,0,1,1,0,0,1
159,ID12260,0.53,0.18,0.33,FEMALE,TOWN,YES,NO,YES,YES,NO,YES,1,0,0,0,0,1,0,1,1,0,0,1,0,1,1,0,0,1
160,ID12261,0.10,0.24,0.67,MALE,INNER_CITY,YES,YES,YES,YES,NO,NO,0,1,1,0,0,0,0,1,0,1,0,1,0,1,1,0,1,0
161,ID12262,0.45,0.14,0.00,FEMALE,INNER_CITY,YES,NO,NO,NO,NO,NO,1,0,1,0,0,0,0,1,1,0,1,0,1,0,1,0,1,0
162,ID12263,0.63,0.27,1.00,FEMALE,TOWN,NO,NO,NO,YES,NO,NO,1,0,0,0,0,1,1,0,1,0,1,0,0,1,1,0,1,0
163,ID12264,0.06,0.04,0.33,FEMALE,TOWN,NO,YES,NO,YES,NO,NO,1,0,0,0,0,1,1,0,0,1,1,0,0,1,1,0,1,0
164,ID12265,0.45,0.34,0.00,FEMALE,INNER_CITY,YES,NO,NO,NO,NO,NO,1,0,1,0,0,0,0,1,1,0,1,0,1,0,1,0,1,0
165,ID12266,0.16,0.33,0.33,MALE,RURAL,YES,NO,NO,YES,YES,YES,0,1,0,1,0,0,0,1,1,0,1,0,0,1,0,1,0,1
166,ID12267,0.04,0.08,0.33,MALE,TOWN,NO,NO,YES,YES,YES,NO,0,1,0,0,0,1,1,0,1,0,0,1,0,1,0,1,1,0
167,ID12268,0.12,0.06,0.33,MALE,INNER_CITY,NO,NO,NO,NO,YES,NO,0,1,1,0,0,0,1,0,1,0,1,0,1,0,0,1,1,0
168,ID12269,0.39,0.37,0.00,FEMALE,TOWN,NO,YES,YES,YES,NO,NO,1,0,0,0,0,1,1,0,0,1,0,1,0,1,1,0,1,0
169,ID12270,0.78,0.50,0.00,MALE,INNER_CITY,YES,NO,NO,YES,NO,NO,0,1,1,0,0,0,0,1,1,0,1,0,0,1,1,0,1,0
170,ID12271,0.69,0.76,0.00,MALE,INNER_CITY,YES,YES,YES,YES,NO,NO,0,1,1,0,0,0,0,1,0,1,0,1,0,1,1,0,1,0
171,ID12272,0.08,0.25,0.67,MALE,INNER_CITY,YES,NO,NO,YES,NO,NO,0,1,1,0,0,0,0,1,1,0,1,0,0,1,1,0,1,0
172,ID12273,0.35,0.33,1.00,MALE,INNER_CITY,YES,YES,YES,YES,NO,NO,0,1,1,0,0,0,0,1,0,1,0,1,0,1,1,0,1,0
173,ID12274,0.33,0.38,0.33,MALE,RURAL,YES,YES,YES,YES,NO,YES,0,1,0,1,0,0,0,1,0,1,0,1,0,1,1,0,0,1
174,ID12275,1.00,0.63,0.67,FEMALE,TOWN,YES,NO,YES,YES,NO,YES,1,0,0,0,0,1,0,1,1,0,0,1,0,1,1,0,0,1
175,ID12276,0.82,0.88,0.00,FEMALE,INNER_CITY,NO,NO,YES,YES,NO,YES,1,0,1,0,0,0,1,0,1,0,0,1,0,1,1,0,0,1
176,ID12277,0.45,0.56,0.00,MALE,TOWN,YES,YES,YES,YES,NO,NO,0,1,0,0,0,1,0,1,0,1,0,1,0,1,1,0,1,0
177,ID12278,0.47,0.43,0.00,FEMALE,INNER_CITY,YES,YES,YES,YES,YES,YES,1,0,1,0,0,0,0,1,0,1,0,1,0,1,0,1,0,1
178,ID12279,0.51,0.18,0.00,MALE,INNER_CITY,YES,NO,NO,NO,NO,YES,0,1,1,0,0,0,0,1,1,0,1,0,1,0,1,0,0,1
179,ID12280,0.92,0.53,0.67,MALE,INNER_CITY,YES,NO,NO,YES,NO,YES,0,1,1,0,0,0,0,1,1,0,1,0,0,1,1,0,0,1
180,ID12281,0.08,0.22,0.33,FEMALE,INNER_CITY,YES,NO,YES,YES,YES,YES,1,0,1,0,0,0,0,1,1,0,0,1,0,1,0,1,0,1
181,ID12282,0.86,0.89,0.00,MALE,RURAL,NO,NO,YES,YES,NO,YES,0,1,0,1,0,0,1,0,1,0,0,1,0,1,1,0,0,1
182,ID12283,0.96,0.56,0.00,FEMALE,INNER_CITY,NO,YES,YES,YES,YES,NO,1,0,1,0,0,0,1,0,0,1,0,1,0,1,0,1,1,0
183,ID12284,0.61,0.23,0.67,FEMALE,INNER_CITY,YES,YES,YES,YES,YES,NO,1,0,1,0,0,0,0,1,0,1,0,1,0,1,0,1,1,0
184,ID12285,0.41,0.42,0.00,FEMALE,INNER_CITY,NO,YES,YES,NO,YES,NO,1,0,1,0,0,0,1,0,0,1,0,1,1,0,0,1,1,0
185,ID12286,0.63,0.48,0.33,MALE,RURAL,YES,YES,YES,YES,YES,YES,0,1,0,1,0,0,0,1,0,1,0,1,0,1,0,1,0,1
186,ID12287,0.04,0.23,0.00,FEMALE,INNER_CITY,YES,NO,NO,NO,YES,YES,1,0,1,0,0,0,0,1,1,0,1,0,1,0,0,1,0,1
187,ID12288,0.61,0.51,0.33,FEMALE,TOWN,YES,NO,NO,YES,NO,YES,1,0,0,0,0,1,0,1,1,0,1,0,0,1,1,0,0,1
188,ID12289,0.41,0.51,0.67,MALE,INNER_CITY,YES,YES,NO,YES,YES,NO,0,1,1,0,0,0,0,1,0,1,1,0,0,1,0,1,1,0
189,ID12290,0.47,0.29,0.00,FEMALE,INNER_CITY,YES,NO,NO,YES,NO,NO,1,0,1,0,0,0,0,1,1,0,1,0,0,1,1,0,1,0
190,ID12291,1.00,1.00,0.67,FEMALE,SUBURBAN,YES,YES,YES,YES,NO,YES,1,0,0,0,1,0,0,1,0,1,0,1,0,1,1,0,0,1
191,ID12292,0.43,0.17,0.33,MALE,INNER_CITY,YES,YES,YES,NO,NO,NO,0,1,1,0,0,0,0,1,0,1,0,1,1,0,1,0,1,0
192,ID12293,0.94,0.76,1.00,FEMALE,RURAL,YES,NO,YES,YES,NO,YES,1,0,0,1,0,0,0,1,1,0,0,1,0,1,1,0,0,1
193,ID12294,0.47,0.19,0.00,MALE,INNER_CITY,YES,YES,NO,YES,YES,YES,0,1,1,0,0,0,0,1,0,1,1,0,0,1,0,1,0,1
194,ID12295,0.76,0.54,0.67,MALE,SUBURBAN,YES,YES,NO,YES,NO,YES,0,1,0,0,1,0,0,1,0,1,1,0,0,1,1,0,0,1
195,ID12296,0.69,0.22,0.33,MALE,INNER_CITY,YES,NO,YES,NO,YES,YES,0,1,1,0,0,0,0,1,1,0,0,1,1,0,0,1,0,1
196,ID12297,0.24,0.24,0.00,FEMALE,INNER_CITY,NO,NO,NO,YES,YES,YES,1,0,1,0,0,0,1,0,1,0,1,0,0,1,0,1,0,1
197,ID12298,0.69,0.75,0.67,MALE,INNER_CITY,YES,YES,YES,YES,NO,YES,0,1,1,0,0,0,0,1,0,1,0,1,0,1,1,0,0,1
198,ID12299,0.16,0.16,0.67,MALE,INNER_CITY,NO,NO,NO,YES,YES,NO,0,1,1,0,0,0,1,0,1,0,1,0,0,1,0,1,1,0
199,ID12300,0.16,0.27,0.00,FEMALE,INNER_CITY,YES,NO,YES,YES,NO,YES,1,0,1,0,0,0,0,1,1,0,0,1,0,1,1,0,0,1
200,ID12301,0.57,0.36,0.33,MALE,TOWN,YES,YES,YES,YES,NO,YES,0,1,0,0,0,1,0,1,0,1,0,1,0,1,1,0,0,1
201,ID12302,0.57,0.63,0.00,FEMALE,TOWN,YES,NO,YES,YES,YES,NO,1,0,0,0,0,1,0,1,1,0,0,1,0,1,0,1,1,0
202,ID12303,0.69,0.21,0.00,MALE,INNER_CITY,YES,NO,NO,YES,NO,NO,0,1,1,0,0,0,0,1,1,0,1,0,0,1,1,0,1,0
203,ID12304,0.39,0.24,1.00,MALE,INNER_CITY,NO,YES,NO,YES,NO,NO,0,1,1,0,0,0,1,0,0,1,1,0,0,1,1,0,1,0
204,ID12305,0.08,0.13,0.33,MALE,INNER_CITY,YES,NO,YES,YES,YES,YES,0,1,1,0,0,0,0,1,1,0,0,1,0,1,0,1,0,1
205,ID12306,0.00,0.16,0.00,MALE,INNER_CITY,NO,YES,NO,YES,YES,YES,0,1,1,0,0,0,1,0,0,1,1,0,0,1,0,1,0,1
206,ID12307,0.92,0.94,0.00,MALE,INNER_CITY,NO,YES,YES,YES,NO,YES,0,1,1,0,0,0,1,0,0,1,0,1,0,1,1,0,0,1
207,ID12308,0.14,0.17,0.00,FEMALE,INNER_CITY,YES,NO,YES,YES,YES,NO,1,0,1,0,0,0,0,1,1,0,0,1,0,1,0,1,1,0
208,ID12309,1.00,0.60,0.00,MALE,INNER_CITY,YES,YES,YES,YES,NO,NO,0,1,1,0,0,0,0,1,0,1,0,1,0,1,1,0,1,0
209,ID12310,0.18,0.27,0.00,MALE,INNER_CITY,NO,NO,YES,NO,NO,YES,0,1,1,0,0,0,1,0,1,0,0,1,1,0,1,0,0,1
210,ID12311,0.88,0.33,0.00,MALE,INNER_CITY,NO,YES,NO,NO,NO,YES,0,1,1,0,0,0,1,0,0,1,1,0,1,0,1,0,0,1
211,ID12312,0.82,0.48,0.33,MALE,TOWN,YES,YES,YES,YES,NO,YES,0,1,0,0,0,1,0,1,0,1,0,1,0,1,1,0,0,1
212,ID12313,0.08,0.16,0.00,MALE,INNER_CITY,YES,YES,YES,YES,NO,YES,0,1,1,0,0,0,0,1,0,1,0,1,0,1,1,0,0,1
213,ID12314,0.20,0.14,0.33,MALE,TOWN,NO,NO,NO,YES,NO,YES,0,1,0,0,0,1,1,0,1,0,1,0,0,1,1,0,0,1
214,ID12315,0.10,0.08,0.00,MALE,INNER_CITY,YES,NO,YES,YES,NO,NO,0,1,1,0,0,0,0,1,1,0,0,1,0,1,1,0,1,0
215,ID12316,0.18,0.22,0.00,MALE,SUBURBAN,YES,NO,YES,YES,NO,NO,0,1,0,0,1,0,0,1,1,0,0,1,0,1,1,0,1,0
216,ID12317,0.18,0.17,0.00,FEMALE,SUBURBAN,YES,YES,NO,YES,NO,NO,1,0,0,0,1,0,0,1,0,1,1,0,0,1,1,0,1,0
217,ID12318,0.45,0.46,1.00,FEMALE,INNER_CITY,YES,YES,YES,YES,YES,NO,1,0,1,0,0,0,0,1,0,1,0,1,0,1,0,1,1,0
218,ID12319,0.43,0.46,0.00,MALE,TOWN,NO,YES,YES,NO,NO,YES,0,1,0,0,0,1,1,0,0,1,0,1,1,0,1,0,0,1
219,ID12320,0.35,0.41,0.00,FEMALE,INNER_CITY,YES,YES,YES,YES,NO,NO,1,0,1,0,0,0,0,1,0,1,0,1,0,1,1,0,1,0
220,ID12321,0.39,0.37,0.67,FEMALE,INNER_CITY,NO,YES,NO,NO,NO,NO,1,0,1,0,0,0,1,0,0,1,1,0,1,0,1,0,1,0
221,ID12322,0.59,0.64,0.67,MALE,INNER_CITY,YES,NO,YES,YES,NO,YES,0,1,1,0,0,0,0,1,1,0,0,1,0,1,1,0,0,1
222,ID12323,0.49,0.59,0.33,FEMALE,INNER_CITY,YES,NO,YES,YES,NO,YES,1,0,1,0,0,0,0,1,1,0,0,1,0,1,1,0,0,1
223,ID12324,1.00,0.66,0.00,FEMALE,INNER_CITY,YES,NO,YES,YES,YES,NO,1,0,1,0,0,0,0,1,1,0,0,1,0,1,0,1,1,0
224,ID12325,0.80,0.77,1.00,MALE,RURAL,YES,NO,YES,YES,NO,YES,0,1,0,1,0,0,0,1,1,0,0,1,0,1,1,0,0,1
225,ID12326,0.59,0.39,0.00,FEMALE,RURAL,NO,YES,YES,YES,NO,YES,1,0,0,1,0,0,1,0,0,1,0,1,0,1,1,0,0,1
226,ID12327,1.00,0.78,0.67,MALE,INNER_CITY,YES,YES,YES,YES,NO,YES,0,1,1,0,0,0,0,1,0,1,0,1,0,1,1,0,0,1
227,ID12328,0.78,0.34,0.00,MALE,TOWN,NO,NO,YES,YES,NO,YES,0,1,0,0,0,1,1,0,1,0,0,1,0,1,1,0,0,1
228,ID12329,0.39,0.40,0.00,MALE,RURAL,NO,YES,NO,YES,YES,YES,0,1,0,1,0,0,1,0,0,1,1,0,0,1,0,1,0,1
229,ID12330,0.18,0.13,0.00,MALE,INNER_CITY,NO,YES,NO,NO,NO,YES,0,1,1,0,0,0,1,0,0,1,1,0,1,0,1,0,0,1
230,ID12331,0.84,0.43,0.00,FEMALE,INNER_CITY,YES,YES,NO,YES,YES,YES,1,0,1,0,0,0,0,1,0,1,1,0,0,1,0,1,0,1
231,ID12332,0.27,0.41,0.33,MALE,INNER_CITY,NO,NO,NO,YES,YES,NO,0,1,1,0,0,0,1,0,1,0,1,0,0,1,0,1,1,0
232,ID12333,0.27,0.16,0.00,MALE,SUBURBAN,YES,NO,NO,YES,YES,YES,0,1,0,0,1,0,0,1,1,0,1,0,0,1,0,1,0,1
233,ID12334,0.29,0.44,0.00,FEMALE,TOWN,YES,YES,YES,YES,NO,NO,1,0,0,0,0,1,0,1,0,1,0,1,0,1,1,0,1,0
234,ID12335,0.80,0.63,1.00,FEMALE,RURAL,NO,NO,YES,NO,NO,NO,1,0,0,1,0,0,1,0,1,0,0,1,1,0,1,0,1,0
235,ID12336,0.63,0.20,0.33,FEMALE,INNER_CITY,NO,NO,YES,YES,YES,YES,1,0,1,0,0,0,1,0,1,0,0,1,0,1,0,1,0,1
236,ID12337,0.96,0.81,0.67,MALE,TOWN,NO,YES,YES,YES,NO,YES,0,1,0,0,0,1,1,0,0,1,0,1,0,1,1,0,0,1
237,ID12338,0.08,0.22,0.67,FEMALE,INNER_CITY,YES,NO,YES,YES,YES,NO,1,0,1,0,0,0,0,1,1,0,0,1,0,1,0,1,1,0
238,ID12339,0.16,0.22,0.67,FEMALE,RURAL,YES,NO,YES,NO,NO,NO,1,0,0,1,0,0,0,1,1,0,0,1,1,0,1,0,1,0
239,ID12340,0.10,0.13,0.00,MALE,INNER_CITY,YES,YES,YES,YES,NO,NO,0,1,1,0,0,0,0,1,0,1,0,1,0,1,1,0,1,0
240,ID12341,0.16,0.11,0.67,FEMALE,RURAL,YES,YES,NO,NO,NO,NO,1,0,0,1,0,0,0,1,0,1,1,0,1,0,1,0,1,0
241,ID12342,0.84,0.88,0.00,FEMALE,INNER_CITY,NO,YES,YES,YES,NO,YES,1,0,1,0,0,0,1,0,0,1,0,1,0,1,1,0,0,1
242,ID12343,1.00,0.52,0.33,MALE,INNER_CITY,YES,YES,YES,YES,NO,YES,0,1,1,0,0,0,0,1,0,1,0,1,0,1,1,0,0,1
243,ID12344,0.33,0.26,0.00,FEMALE,INNER_CITY,YES,YES,YES,YES,NO,NO,1,0,1,0,0,0,0,1,0,1,0,1,0,1,1,0,1,0
244,ID12345,0.65,0.39,0.67,MALE,RURAL,YES,YES,YES,NO,NO,NO,0,1,0,1,0,0,0,1,0,1,0,1,1,0,1,0,1,0
245,ID12346,0.57,0.56,0.00,MALE,SUBURBAN,NO,YES,YES,YES,YES,NO,0,1,0,0,1,0,1,0,0,1,0,1,0,1,0,1,1,0
246,ID12347,0.10,0.04,1.00,FEMALE,INNER_CITY,NO,YES,NO,NO,NO,NO,1,0,1,0,0,0,1,0,0,1,1,0,1,0,1,0,1,0
247,ID12348,0.16,0.28,0.00,MALE,RURAL,YES,NO,NO,YES,NO,NO,0,1,0,1,0,0,0,1,1,0,1,0,0,1,1,0,1,0
248,ID12349,0.45,0.26,1.00,MALE,TOWN,YES,NO,YES,YES,NO,NO,0,1,0,0,0,1,0,1,1,0,0,1,0,1,1,0,1,0
249,ID12350,0.37,0.28,1.00,MALE,TOWN,YES,YES,NO,YES,NO,NO,0,1,0,0,0,1,0,1,0,1,1,0,0,1,1,0,1,0
250,ID12351,0.96,0.91,0.00,MALE,INNER_CITY,NO,NO,YES,YES,YES,NO,0,1,1,0,0,0,1,0,1,0,0,1,0,1,0,1,1,0
251,ID12352,0.55,0.53,0.33,FEMALE,TOWN,YES,YES,YES,YES,YES,YES,1,0,0,0,0,1,0,1,0,1,0,1,0,1,0,1,0,1
252,ID12353,0.10,0.16,0.67,MALE,INNER_CITY,YES,NO,NO,YES,YES,NO,0,1,1,0,0,0,0,1,1,0,1,0,0,1,0,1,1,0
253,ID12354,0.49,0.22,0.33,FEMALE,TOWN,YES,NO,NO,NO,NO,YES,1,0,0,0,0,1,0,1,1,0,1,0,1,0,1,0,0,1
254,ID12355,0.06,0.10,1.00,FEMALE,RURAL,NO,NO,YES,YES,YES,NO,1,0,0,1,0,0,1,0,1,0,0,1,0,1,0,1,1,0
255,ID12356,0.90,0.33,0.00,FEMALE,INNER_CITY,NO,YES,NO,YES,NO,YES,1,0,1,0,0,0,1,0,0,1,1,0,0,1,1,0,0,1
256,ID12357,0.63,0.36,0.67,FEMALE,SUBURBAN,NO,NO,YES,YES,NO,NO,1,0,0,0,1,0,1,0,1,0,0,1,0,1,1,0,1,0
257,ID12358,0.20,0.32,0.67,FEMALE,TOWN,YES,NO,NO,YES,YES,NO,1,0,0,0,0,1,0,1,1,0,1,0,0,1,0,1,1,0
258,ID12359,0.41,0.28,1.00,FEMALE,TOWN,NO,NO,NO,YES,YES,NO,1,0,0,0,0,1,1,0,1,0,1,0,0,1,0,1,1,0
259,ID12360,0.37,0.12,0.00,MALE,TOWN,NO,NO,NO,NO,NO,NO,0,1,0,0,0,1,1,0,1,0,1,0,1,0,1,0,1,0
260,ID12361,0.08,0.21,0.00,MALE,SUBURBAN,YES,NO,YES,YES,NO,NO,0,1,0,0,1,0,0,1,1,0,0,1,0,1,1,0,1,0
261,ID12362,0.45,0.41,0.33,FEMALE,TOWN,YES,NO,YES,YES,YES,YES,1,0,0,0,0,1,0,1,1,0,0,1,0,1,0,1,0,1
262,ID12363,0.45,0.29,0.00,FEMALE,TOWN,YES,NO,NO,YES,NO,NO,1,0,0,0,0,1,0,1,1,0,1,0,0,1,1,0,1,0
263,ID12364,0.86,0.71,0.00,FEMALE,INNER_CITY,YES,YES,YES,YES,YES,NO,1,0,1,0,0,0,0,1,0,1,0,1,0,1,0,1,1,0
264,ID12365,0.10,0.24,0.00,MALE,INNER_CITY,NO,YES,YES,NO,NO,YES,0,1,1,0,0,0,1,0,0,1,0,1,1,0,1,0,0,1
265,ID12366,0.06,0.22,0.33,MALE,INNER_CITY,YES,YES,NO,NO,NO,YES,0,1,1,0,0,0,0,1,0,1,1,0,1,0,1,0,0,1
266,ID12367,0.82,0.49,0.00,MALE,TOWN,NO,YES,YES,YES,NO,YES,0,1,0,0,0,1,1,0,0,1,0,1,0,1,1,0,0,1
267,ID12368,0.61,0.44,0.00,FEMALE,SUBURBAN,NO,NO,YES,YES,NO,YES,1,0,0,0,1,0,1,0,1,0,0,1,0,1,1,0,0,1
268,ID12369,0.92,0.51,0.00,FEMALE,TOWN,YES,YES,NO,YES,NO,NO,1,0,0,0,0,1,0,1,0,1,1,0,0,1,1,0,1,0
269,ID12370,0.04,0.20,1.00,MALE,TOWN,NO,YES,NO,YES,YES,NO,0,1,0,0,0,1,1,0,0,1,1,0,0,1,0,1,1,0
270,ID12371,1.00,0.96,0.67,FEMALE,SUBURBAN,NO,NO,YES,YES,YES,YES,1,0,0,0,1,0,1,0,1,0,0,1,0,1,0,1,0,1
271,ID12372,0.90,0.88,0.00,FEMALE,INNER_CITY,NO,YES,YES,YES,NO,YES,1,0,1,0,0,0,1,0,0,1,0,1,0,1,1,0,0,1
272,ID12373,0.37,0.14,0.00,MALE,TOWN,YES,NO,YES,YES,NO,NO,0,1,0,0,0,1,0,1,1,0,0,1,0,1,1,0,1,0
273,ID12374,0.27,0.40,0.33,MALE,INNER_CITY,YES,YES,NO,YES,NO,YES,0,1,1,0,0,0,0,1,0,1,1,0,0,1,1,0,0,1
274,ID12375,0.49,0.38,0.00,FEMALE,INNER_CITY,YES,YES,YES,YES,NO,NO,1,0,1,0,0,0,0,1,0,1,0,1,0,1,1,0,1,0
275,ID12376,0.00,0.07,0.00,MALE,RURAL,YES,YES,NO,YES,YES,YES,0,1,0,1,0,0,0,1,0,1,1,0,0,1,0,1,0,1
276,ID12377,0.57,0.41,0.33,FEMALE,SUBURBAN,NO,NO,YES,YES,YES,YES,1,0,0,0,1,0,1,0,1,0,0,1,0,1,0,1,0,1
277,ID12378,0.14,0.30,0.33,MALE,TOWN,YES,YES,YES,YES,NO,YES,0,1,0,0,0,1,0,1,0,1,0,1,0,1,1,0,0,1
278,ID12379,0.96,0.33,0.00,FEMALE,RURAL,NO,NO,YES,NO,YES,NO,1,0,0,1,0,0,1,0,1,0,0,1,1,0,0,1,1,0
279,ID12380,0.45,0.55,0.33,MALE,TOWN,YES,NO,NO,YES,YES,YES,0,1,0,0,0,1,0,1,1,0,1,0,0,1,0,1,0,1
280,ID12381,0.29,0.30,0.33,MALE,INNER_CITY,YES,NO,NO,NO,NO,YES,0,1,1,0,0,0,0,1,1,0,1,0,1,0,1,0,0,1
281,ID12382,0.00,0.18,0.00,FEMALE,INNER_CITY,YES,NO,YES,YES,NO,NO,1,0,1,0,0,0,0,1,1,0,0,1,0,1,1,0,1,0
282,ID12383,0.94,0.85,0.33,MALE,INNER_CITY,YES,YES,YES,NO,NO,YES,0,1,1,0,0,0,0,1,0,1,0,1,1,0,1,0,0,1
283,ID12384,0.51,0.59,1.00,FEMALE,INNER_CITY,YES,NO,YES,YES,YES,NO,1,0,1,0,0,0,0,1,1,0,0,1,0,1,0,1,1,0
284,ID12385,0.08,0.15,1.00,FEMALE,INNER_CITY,YES,NO,YES,YES,NO,NO,1,0,1,0,0,0,0,1,1,0,0,1,0,1,1,0,1,0
285,ID12386,0.14,0.08,0.00,MALE,TOWN,YES,NO,NO,NO,NO,NO,0,1,0,0,0,1,0,1,1,0,1,0,1,0,1,0,1,0
286,ID12387,0.43,0.34,0.33,MALE,INNER_CITY,YES,YES,YES,YES,YES,YES,0,1,1,0,0,0,0,1,0,1,0,1,0,1,0,1,0,1
287,ID12388,0.82,0.40,1.00,FEMALE,INNER_CITY,YES,NO,NO,YES,NO,NO,1,0,1,0,0,0,0,1,1,0,1,0,0,1,1,0,1,0
288,ID12389,0.31,0.16,0.33,MALE,INNER_CITY,YES,NO,YES,NO,NO,NO,0,1,1,0,0,0,0,1,1,0,0,1,1,0,1,0,1,0
289,ID12390,0.69,0.55,0.33,FEMALE,RURAL,YES,YES,YES,YES,NO,YES,1,0,0,1,0,0,0,1,0,1,0,1,0,1,1,0,0,1
290,ID12391,0.10,0.15,0.00,MALE,INNER_CITY,NO,NO,YES,YES,NO,YES,0,1,1,0,0,0,1,0,1,0,0,1,0,1,1,0,0,1
291,ID12392,0.53,0.59,0.00,FEMALE,INNER_CITY,NO,YES,YES,NO,NO,YES,1,0,1,0,0,0,1,0,0,1,0,1,1,0,1,0,0,1
292,ID12393,0.67,0.71,0.67,MALE,RURAL,YES,YES,YES,YES,YES,YES,0,1,0,1,0,0,0,1,0,1,0,1,0,1,0,1,0,1
293,ID12394,0.16,0.27,0.00,FEMALE,TOWN,YES,NO,YES,YES,NO,NO,1,0,0,0,0,1,0,1,1,0,0,1,0,1,1,0,1,0
294,ID12395,0.49,0.30,0.00,MALE,TOWN,YES,NO,YES,NO,YES,NO,0,1,0,0,0,1,0,1,1,0,0,1,1,0,0,1,1,0
295,ID12396,0.33,0.47,0.00,MALE,TOWN,YES,YES,YES,YES,YES,NO,0,1,0,0,0,1,0,1,0,1,0,1,0,1,0,1,1,0
296,ID12397,0.73,0.34,0.67,FEMALE,RURAL,NO,YES,YES,YES,YES,NO,1,0,0,1,0,0,1,0,0,1,0,1,0,1,0,1,1,0
297,ID12398,0.00,0.06,0.67,MALE,RURAL,YES,NO,NO,NO,NO,NO,0,1,0,1,0,0,0,1,1,0,1,0,1,0,1,0,1,0
298,ID12399,0.59,0.21,0.67,FEMALE,INNER_CITY,NO,YES,NO,YES,NO,NO,1,0,1,0,0,0,1,0,0,1,1,0,0,1,1,0,1,0
299,ID12400,0.12,0.15,0.00,FEMALE,INNER_CITY,YES,NO,YES,YES,NO,NO,1,0,1,0,0,0,0,1,1,0,0,1,0,1,1,0,1,0
300,ID12401,0.02,0.05,0.33,FEMALE,INNER_CITY,YES,YES,YES,YES,YES,NO,1,0,1,0,0,0,0,1,0,1,0,1,0,1,0,1,1,0
301,ID12402,0.39,0.18,0.00,FEMALE,TOWN,YES,NO,YES,NO,NO,NO,1,0,0,0,0,1,0,1,1,0,0,1,1,0,1,0,1,0
302,ID12403,0.55,0.42,0.00,FEMALE,TOWN,YES,NO,YES,NO,NO,NO,1,0,0,0,0,1,0,1,1,0,0,1,1,0,1,0,1,0
303,ID12404,0.63,0.63,1.00,MALE,RURAL,YES,NO,YES,YES,YES,NO,0,1,0,1,0,0,0,1,1,0,0,1,0,1,0,1,1,0
304,ID12405,1.00,0.90,1.00,FEMALE,RURAL,NO,NO,YES,YES,NO,YES,1,0,0,1,0,0,1,0,1,0,0,1,0,1,1,0,0,1
305,ID12406,0.35,0.11,0.00,FEMALE,RURAL,YES,NO,NO,YES,NO,NO,1,0,0,1,0,0,0,1,1,0,1,0,0,1,1,0,1,0
306,ID12407,0.92,0.81,0.67,MALE,INNER_CITY,NO,YES,YES,YES,NO,YES,0,1,1,0,0,0,1,0,0,1,0,1,0,1,1,0,0,1
307,ID12408,0.41,0.37,0.00,MALE,RURAL,NO,YES,YES,YES,NO,YES,0,1,0,1,0,0,1,0,0,1,0,1,0,1,1,0,0,1
308,ID12409,0.61,0.36,0.67,MALE,TOWN,NO,YES,YES,YES,NO,NO,0,1,0,0,0,1,1,0,0,1,0,1,0,1,1,0,1,0
309,ID12410,0.20,0.12,0.33,FEMALE,INNER_CITY,NO,NO,YES,YES,NO,NO,1,0,1,0,0,0,1,0,1,0,0,1,0,1,1,0,1,0
310,ID12411,0.57,0.44,0.00,MALE,TOWN,YES,NO,YES,YES,NO,NO,0,1,0,0,0,1,0,1,1,0,0,1,0,1,1,0,1,0
311,ID12412,0.98,0.54,0.33,MALE,INNER_CITY,NO,NO,YES,YES,NO,YES,0,1,1,0,0,0,1,0,1,0,0,1,0,1,1,0,0,1
312,ID12413,0.88,0.44,0.67,FEMALE,TOWN,NO,YES,NO,YES,NO,YES,1,0,0,0,0,1,1,0,0,1,1,0,0,1,1,0,0,1
313,ID12414,0.00,0.19,0.67,FEMALE,RURAL,NO,YES,YES,YES,NO,NO,1,0,0,1,0,0,1,0,0,1,0,1,0,1,1,0,1,0
314,ID12415,0.73,0.22,0.00,FEMALE,TOWN,YES,YES,YES,NO,NO,NO,1,0,0,0,0,1,0,1,0,1,0,1,1,0,1,0,1,0
315,ID12416,0.55,0.65,0.00,MALE,RURAL,NO,YES,YES,YES,YES,NO,0,1,0,1,0,0,1,0,0,1,0,1,0,1,0,1,1,0
316,ID12417,0.86,0.29,0.67,MALE,INNER_CITY,NO,YES,YES,YES,NO,NO,0,1,1,0,0,0,1,0,0,1,0,1,0,1,1,0,1,0
317,ID12418,0.55,0.56,0.33,FEMALE,TOWN,NO,NO,YES,YES,YES,YES,1,0,0,0,0,1,1,0,1,0,0,1,0,1,0,1,0,1
318,ID12419,0.27,0.31,0.67,FEMALE,INNER_CITY,NO,NO,YES,NO,NO,NO,1,0,1,0,0,0,1,0,1,0,0,1,1,0,1,0,1,0
319,ID12420,0.43,0.29,0.00,MALE,SUBURBAN,NO,YES,YES,YES,YES,NO,0,1,0,0,1,0,1,0,0,1,0,1,0,1,0,1,1,0
320,ID12421,0.71,0.57,0.67,MALE,INNER_CITY,NO,YES,YES,YES,NO,YES,0,1,1,0,0,0,1,0,0,1,0,1,0,1,1,0,0,1
321,ID12422,0.35,0.31,0.00,MALE,RURAL,YES,YES,NO,NO,YES,YES,0,1,0,1,0,0,0,1,0,1,1,0,1,0,0,1,0,1
322,ID12423,0.14,0.10,0.33,FEMALE,TOWN,YES,YES,YES,NO,YES,NO,1,0,0,0,0,1,0,1,0,1,0,1,1,0,0,1,1,0
323,ID12424,0.29,0.33,0.00,MALE,TOWN,NO,NO,YES,YES,NO,YES,0,1,0,0,0,1,1,0,1,0,0,1,0,1,1,0,0,1
324,ID12425,0.37,0.40,0.00,MALE,SUBURBAN,YES,NO,YES,YES,NO,NO,0,1,0,0,1,0,0,1,1,0,0,1,0,1,1,0,1,0
325,ID12426,0.12,0.08,0.00,FEMALE,TOWN,NO,NO,NO,YES,NO,YES,1,0,0,0,0,1,1,0,1,0,1,0,0,1,1,0,0,1
326,ID12427,0.43,0.51,0.33,MALE,INNER_CITY,YES,NO,YES,NO,YES,YES,0,1,1,0,0,0,0,1,1,0,0,1,1,0,0,1,0,1
327,ID12428,0.12,0.28,0.00,MALE,INNER_CITY,YES,NO,NO,YES,YES,YES,0,1,1,0,0,0,0,1,1,0,1,0,0,1,0,1,0,1
328,ID12429,0.80,0.79,0.33,FEMALE,RURAL,NO,NO,YES,NO,YES,YES,1,0,0,1,0,0,1,0,1,0,0,1,1,0,0,1,0,1
329,ID12430,0.18,0.23,1.00,FEMALE,TOWN,YES,NO,NO,YES,NO,NO,1,0,0,0,0,1,0,1,1,0,1,0,0,1,1,0,1,0
330,ID12431,0.98,0.82,1.00,FEMALE,RURAL,YES,YES,YES,YES,NO,YES,1,0,0,1,0,0,0,1,0,1,0,1,0,1,1,0,0,1
331,ID12432,0.00,0.11,0.67,FEMALE,INNER_CITY,YES,NO,YES,YES,YES,NO,1,0,1,0,0,0,0,1,1,0,0,1,0,1,0,1,1,0
332,ID12433,0.31,0.42,0.00,FEMALE,TOWN,YES,NO,YES,NO,NO,NO,1,0,0,0,0,1,0,1,1,0,0,1,1,0,1,0,1,0
333,ID12434,0.61,0.22,0.67,MALE,SUBURBAN,YES,NO,YES,YES,NO,NO,0,1,0,0,1,0,0,1,1,0,0,1,0,1,1,0,1,0
334,ID12435,0.10,0.28,0.33,FEMALE,SUBURBAN,YES,NO,NO,YES,NO,YES,1,0,0,0,1,0,0,1,1,0,1,0,0,1,1,0,0,1
335,ID12436,0.53,0.37,0.33,MALE,TOWN,YES,NO,YES,NO,YES,YES,0,1,0,0,0,1,0,1,1,0,0,1,1,0,0,1,0,1
336,ID12437,0.43,0.38,0.67,MALE,INNER_CITY,YES,NO,NO,NO,YES,NO,0,1,1,0,0,0,0,1,1,0,1,0,1,0,0,1,1,0
337,ID12438,0.96,0.57,0.33,MALE,INNER_CITY,YES,YES,YES,NO,YES,NO,0,1,1,0,0,0,0,1,0,1,0,1,1,0,0,1,1,0
338,ID12439,0.86,0.56,0.67,MALE,SUBURBAN,YES,YES,YES,YES,YES,YES,0,1,0,0,1,0,0,1,0,1,0,1,0,1,0,1,0,1
339,ID12440,0.04,0.23,0.00,MALE,INNER_CITY,YES,NO,NO,YES,YES,YES,0,1,1,0,0,0,0,1,1,0,1,0,0,1,0,1,0,1
340,ID12441,0.55,0.41,0.00,FEMALE,SUBURBAN,YES,NO,YES,YES,NO,NO,1,0,0,0,1,0,0,1,1,0,0,1,0,1,1,0,1,0
341,ID12442,0.98,0.75,0.33,MALE,RURAL,YES,YES,YES,NO,NO,YES,0,1,0,1,0,0,0,1,0,1,0,1,1,0,1,0,0,1
342,ID12443,0.94,0.83,0.00,MALE,INNER_CITY,YES,YES,YES,YES,NO,NO,0,1,1,0,0,0,0,1,0,1,0,1,0,1,1,0,1,0
343,ID12444,0.67,0.25,0.00,FEMALE,INNER_CITY,YES,NO,YES,YES,NO,NO,1,0,1,0,0,0,0,1,1,0,0,1,0,1,1,0,1,0
344,ID12445,0.33,0.32,0.67,MALE,RURAL,YES,YES,YES,YES,NO,NO,0,1,0,1,0,0,0,1,0,1,0,1,0,1,1,0,1,0
345,ID12446,0.96,0.64,0.33,FEMALE,TOWN,YES,NO,YES,YES,NO,YES,1,0,0,0,0,1,0,1,1,0,0,1,0,1,1,0,0,1
346,ID12447,0.65,0.60,0.00,MALE,RURAL,YES,YES,YES,NO,YES,NO,0,1,0,1,0,0,0,1,0,1,0,1,1,0,0,1,1,0
347,ID12448,0.98,0.69,0.00,FEMALE,INNER_CITY,YES,NO,YES,NO,NO,NO,1,0,1,0,0,0,0,1,1,0,0,1,1,0,1,0,1,0
348,ID12449,0.92,0.57,0.00,MALE,INNER_CITY,YES,NO,YES,NO,YES,NO,0,1,1,0,0,0,0,1,1,0,0,1,1,0,0,1,1,0
349,ID12450,0.71,0.33,0.33,FEMALE,INNER_CITY,NO,NO,NO,YES,NO,YES,1,0,1,0,0,0,1,0,1,0,1,0,0,1,1,0,0,1
350,ID12451,0.31,0.45,0.00,FEMALE,INNER_CITY,NO,YES,NO,YES,YES,YES,1,0,1,0,0,0,1,0,0,1,1,0,0,1,0,1,0,1
351,ID12452,0.41,0.33,0.00,MALE,TOWN,YES,NO,YES,YES,YES,NO,0,1,0,0,0,1,0,1,1,0,0,1,0,1,0,1,1,0
352,ID12453,0.78,0.34,0.33,FEMALE,RURAL,NO,NO,YES,YES,YES,NO,1,0,0,1,0,0,1,0,1,0,0,1,0,1,0,1,1,0
353,ID12454,0.61,0.65,0.33,MALE,TOWN,NO,YES,YES,YES,NO,YES,0,1,0,0,0,1,1,0,0,1,0,1,0,1,1,0,0,1
354,ID12455,0.63,0.43,0.00,FEMALE,SUBURBAN,YES,YES,NO,YES,YES,YES,1,0,0,0,1,0,0,1,0,1,1,0,0,1,0,1,0,1
355,ID12456,0.73,0.78,0.67,FEMALE,RURAL,YES,NO,YES,YES,YES,YES,1,0,0,1,0,0,0,1,1,0,0,1,0,1,0,1,0,1
356,ID12457,0.47,0.31,0.00,FEMALE,SUBURBAN,YES,NO,NO,YES,NO,NO,1,0,0,0,1,0,0,1,1,0,1,0,0,1,1,0,1,0
357,ID12458,0.02,0.08,0.00,MALE,RURAL,NO,NO,YES,YES,NO,YES,0,1,0,1,0,0,1,0,1,0,0,1,0,1,1,0,0,1
358,ID12459,0.69,0.50,1.00,FEMALE,INNER_CITY,NO,YES,NO,YES,NO,NO,1,0,1,0,0,0,1,0,0,1,1,0,0,1,1,0,1,0
359,ID12460,0.69,0.31,0.33,FEMALE,INNER_CITY,YES,YES,YES,NO,NO,YES,1,0,1,0,0,0,0,1,0,1,0,1,1,0,1,0,0,1
360,ID12461,0.94,0.80,0.67,FEMALE,TOWN,NO,YES,YES,YES,NO,YES,1,0,0,0,0,1,1,0,0,1,0,1,0,1,1,0,0,1
361,ID12462,0.78,0.26,1.00,MALE,TOWN,YES,NO,YES,YES,YES,NO,0,1,0,0,0,1,0,1,1,0,0,1,0,1,0,1,1,0
362,ID12463,0.78,0.42,0.67,MALE,TOWN,YES,NO,NO,YES,NO,NO,0,1,0,0,0,1,0,1,1,0,1,0,0,1,1,0,1,0
363,ID12464,0.02,0.13,0.00,FEMALE,TOWN,YES,NO,YES,YES,NO,NO,1,0,0,0,0,1,0,1,1,0,0,1,0,1,1,0,1,0
364,ID12465,0.78,0.80,0.33,FEMALE,TOWN,YES,YES,YES,NO,NO,YES,1,0,0,0,0,1,0,1,0,1,0,1,1,0,1,0,0,1
365,ID12466,0.18,0.21,0.67,MALE,INNER_CITY,YES,YES,YES,NO,NO,YES,0,1,1,0,0,0,0,1,0,1,0,1,1,0,1,0,0,1
366,ID12467,0.84,0.43,0.33,FEMALE,INNER_CITY,NO,YES,NO,YES,NO,YES,1,0,1,0,0,0,1,0,0,1,1,0,0,1,1,0,0,1
367,ID12468,0.78,0.74,0.00,MALE,INNER_CITY,YES,YES,YES,YES,YES,NO,0,1,1,0,0,0,0,1,0,1,0,1,0,1,0,1,1,0
368,ID12469,0.06,0.11,0.00,MALE,TOWN,YES,NO,YES,YES,YES,NO,0,1,0,0,0,1,0,1,1,0,0,1,0,1,0,1,1,0
369,ID12470,0.94,0.50,1.00,MALE,INNER_CITY,YES,NO,YES,NO,YES,NO,0,1,1,0,0,0,0,1,1,0,0,1,1,0,0,1,1,0
370,ID12471,0.90,0.72,0.00,MALE,INNER_CITY,YES,NO,YES,YES,NO,NO,0,1,1,0,0,0,0,1,1,0,0,1,0,1,1,0,1,0
371,ID12472,0.53,0.58,0.67,FEMALE,INNER_CITY,NO,NO,YES,YES,NO,YES,1,0,1,0,0,0,1,0,1,0,0,1,0,1,1,0,0,1
372,ID12473,0.12,0.05,0.00,FEMALE,INNER_CITY,NO,NO,NO,NO,NO,YES,1,0,1,0,0,0,1,0,1,0,1,0,1,0,1,0,0,1
373,ID12474,0.69,0.40,0.00,FEMALE,INNER_CITY,YES,NO,NO,YES,NO,NO,1,0,1,0,0,0,0,1,1,0,1,0,0,1,1,0,1,0
374,ID12475,1.00,0.73,0.67,FEMALE,SUBURBAN,YES,NO,YES,YES,NO,YES,1,0,0,0,1,0,0,1,1,0,0,1,0,1,1,0,0,1
375,ID12476,0.47,0.27,0.00,MALE,INNER_CITY,YES,YES,YES,YES,NO,NO,0,1,1,0,0,0,0,1,0,1,0,1,0,1,1,0,1,0
376,ID12477,0.82,0.49,0.33,FEMALE,TOWN,NO,NO,NO,NO,YES,YES,1,0,0,0,0,1,1,0,1,0,1,0,1,0,0,1,0,1
377,ID12478,0.45,0.34,0.67,MALE,INNER_CITY,NO,NO,NO,YES,NO,NO,0,1,1,0,0,0,1,0,1,0,1,0,0,1,1,0,1,0
378,ID12479,0.02,0.22,0.00,MALE,SUBURBAN,YES,NO,NO,YES,YES,YES,0,1,0,0,1,0,0,1,1,0,1,0,0,1,0,1,0,1
379,ID12480,0.04,0.08,1.00,FEMALE,INNER_CITY,YES,NO,NO,YES,NO,NO,1,0,1,0,0,0,0,1,1,0,1,0,0,1,1,0,1,0
380,ID12481,0.78,0.37,0.00,FEMALE,TOWN,NO,YES,YES,YES,NO,YES,1,0,0,0,0,1,1,0,0,1,0,1,0,1,1,0,0,1
381,ID12482,0.57,0.47,0.67,FEMALE,INNER_CITY,YES,YES,YES,YES,NO,NO,1,0,1,0,0,0,0,1,0,1,0,1,0,1,1,0,1,0
382,ID12483,0.24,0.17,0.33,MALE,INNER_CITY,YES,NO,NO,YES,NO,NO,0,1,1,0,0,0,0,1,1,0,1,0,0,1,1,0,1,0
383,ID12484,0.45,0.51,0.33,FEMALE,TOWN,YES,YES,YES,YES,NO,YES,1,0,0,0,0,1,0,1,0,1,0,1,0,1,1,0,0,1
384,ID12485,0.37,0.38,0.00,FEMALE,TOWN,YES,NO,NO,YES,NO,NO,1,0,0,0,0,1,0,1,1,0,1,0,0,1,1,0,1,0
385,ID12486,0.80,0.57,1.00,FEMALE,INNER_CITY,NO,YES,NO,YES,YES,NO,1,0,1,0,0,0,1,0,0,1,1,0,0,1,0,1,1,0
386,ID12487,0.63,0.18,0.00,MALE,INNER_CITY,NO,NO,NO,YES,NO,NO,0,1,1,0,0,0,1,0,1,0,1,0,0,1,1,0,1,0
387,ID12488,0.88,0.43,0.33,MALE,INNER_CITY,NO,YES,NO,NO,NO,YES,0,1,1,0,0,0,1,0,0,1,1,0,1,0,1,0,0,1
388,ID12489,0.22,0.17,0.00,MALE,INNER_CITY,NO,YES,NO,YES,NO,YES,0,1,1,0,0,0,1,0,0,1,1,0,0,1,1,0,0,1
389,ID12490,0.61,0.19,0.00,FEMALE,INNER_CITY,YES,NO,YES,NO,NO,NO,1,0,1,0,0,0,0,1,1,0,0,1,1,0,1,0,1,0
390,ID12491,0.78,0.68,0.00,FEMALE,INNER_CITY,YES,NO,YES,YES,NO,NO,1,0,1,0,0,0,0,1,1,0,0,1,0,1,1,0,1,0
391,ID12492,0.45,0.30,0.00,MALE,TOWN,NO,YES,NO,YES,NO,YES,0,1,0,0,0,1,1,0,0,1,1,0,0,1,1,0,0,1
392,ID12493,0.82,0.57,1.00,FEMALE,TOWN,YES,YES,YES,NO,NO,NO,1,0,0,0,0,1,0,1,0,1,0,1,1,0,1,0,1,0
393,ID12494,0.86,0.29,0.67,FEMALE,INNER_CITY,YES,YES,YES,NO,YES,NO,1,0,1,0,0,0,0,1,0,1,0,1,1,0,0,1,1,0
394,ID12495,0.82,0.35,0.00,FEMALE,SUBURBAN,NO,YES,NO,NO,YES,YES,1,0,0,0,1,0,1,0,0,1,1,0,1,0,0,1,0,1
395,ID12496,1.00,0.32,1.00,FEMALE,TOWN,YES,YES,NO,NO,YES,NO,1,0,0,0,0,1,0,1,0,1,1,0,1,0,0,1,1,0
396,ID12497,0.45,0.36,0.00,MALE,RURAL,YES,YES,YES,NO,NO,NO,0,1,0,1,0,0,0,1,0,1,0,1,1,0,1,0,1,0
397,ID12498,0.61,0.50,0.67,MALE,INNER_CITY,YES,NO,YES,YES,NO,YES,0,1,1,0,0,0,0,1,1,0,0,1,0,1,1,0,0,1
398,ID12499,0.94,0.90,0.33,FEMALE,INNER_CITY,NO,NO,YES,YES,NO,YES,1,0,1,0,0,0,1,0,1,0,0,1,0,1,1,0,0,1
399,ID12500,0.51,0.57,0.00,MALE,TOWN,YES,YES,YES,NO,YES,NO,0,1,0,0,0,1,0,1,0,1,0,1,1,0,0,1,1,0
400,ID12501,0.33,0.25,0.00,FEMALE,RURAL,NO,NO,NO,YES,YES,YES,1,0,0,1,0,0,1,0,1,0,1,0,0,1,0,1,0,1
401,ID12502,0.16,0.25,1.00,MALE,RURAL,NO,YES,NO,NO,YES,NO,0,1,0,1,0,0,1,0,0,1,1,0,1,0,0,1,1,0
402,ID12503,0.61,0.58,0.00,MALE,INNER_CITY,YES,YES,NO,YES,NO,NO,0,1,1,0,0,0,0,1,0,1,1,0,0,1,1,0,1,0
403,ID12504,0.35,0.27,0.00,MALE,INNER_CITY,NO,NO,NO,NO,YES,YES,0,1,1,0,0,0,1,0,1,0,1,0,1,0,0,1,0,1
404,ID12505,0.12,0.15,1.00,FEMALE,INNER_CITY,YES,NO,YES,YES,NO,YES,1,0,1,0,0,0,0,1,1,0,0,1,0,1,1,0,0,1
405,ID12506,0.59,0.54,1.00,MALE,SUBURBAN,YES,YES,YES,YES,NO,YES,0,1,0,0,1,0,0,1,0,1,0,1,0,1,1,0,0,1
406,ID12507,0.69,0.70,0.33,MALE,SUBURBAN,NO,NO,YES,YES,NO,YES,0,1,0,0,1,0,1,0,1,0,0,1,0,1,1,0,0,1
407,ID12508,0.27,0.30,0.00,MALE,SUBURBAN,NO,NO,YES,YES,NO,YES,0,1,0,0,1,0,1,0,1,0,0,1,0,1,1,0,0,1
408,ID12509,0.47,0.29,0.33,FEMALE,SUBURBAN,YES,YES,NO,NO,NO,YES,1,0,0,0,1,0,0,1,0,1,1,0,1,0,1,0,0,1
409,ID12510,0.10,0.10,0.67,MALE,SUBURBAN,YES,NO,YES,NO,NO,NO,0,1,0,0,1,0,0,1,1,0,0,1,1,0,1,0,1,0
410,ID12511,0.18,0.23,0.33,FEMALE,INNER_CITY,NO,YES,NO,YES,YES,YES,1,0,1,0,0,0,1,0,0,1,1,0,0,1,0,1,0,1
411,ID12512,0.08,0.04,0.00,MALE,INNER_CITY,NO,YES,YES,YES,YES,NO,0,1,1,0,0,0,1,0,0,1,0,1,0,1,0,1,1,0
412,ID12513,1.00,0.91,0.67,FEMALE,INNER_CITY,NO,YES,YES,YES,NO,YES,1,0,1,0,0,0,1,0,0,1,0,1,0,1,1,0,0,1
413,ID12514,0.16,0.20,0.00,FEMALE,INNER_CITY,YES,YES,NO,YES,NO,YES,1,0,1,0,0,0,0,1,0,1,1,0,0,1,1,0,0,1
414,ID12515,0.82,0.71,0.00,FEMALE,SUBURBAN,YES,NO,YES,YES,NO,NO,1,0,0,0,1,0,0,1,1,0,0,1,0,1,1,0,1,0
415,ID12516,0.18,0.26,0.00,MALE,RURAL,YES,NO,YES,YES,YES,NO,0,1,0,1,0,0,0,1,1,0,0,1,0,1,0,1,1,0
416,ID12517,0.37,0.13,0.33,MALE,INNER_CITY,NO,NO,YES,NO,YES,NO,0,1,1,0,0,0,1,0,1,0,0,1,1,0,0,1,1,0
417,ID12518,0.27,0.31,0.33,MALE,RURAL,YES,YES,NO,NO,NO,YES,0,1,0,1,0,0,0,1,0,1,1,0,1,0,1,0,0,1
418,ID12519,0.20,0.36,0.67,FEMALE,TOWN,YES,YES,YES,NO,NO,YES,1,0,0,0,0,1,0,1,0,1,0,1,1,0,1,0,0,1
419,ID12520,0.80,0.29,0.00,MALE,TOWN,YES,NO,YES,YES,YES,NO,0,1,0,0,0,1,0,1,1,0,0,1,0,1,0,1,1,0
420,ID12521,0.94,0.76,0.00,MALE,INNER_CITY,YES,YES,YES,YES,YES,NO,0,1,1,0,0,0,0,1,0,1,0,1,0,1,0,1,1,0
421,ID12522,0.63,0.63,0.33,MALE,INNER_CITY,NO,NO,YES,NO,NO,YES,0,1,1,0,0,0,1,0,1,0,0,1,1,0,1,0,0,1
422,ID12523,0.08,0.11,0.33,MALE,INNER_CITY,YES,YES,NO,YES,NO,NO,0,1,1,0,0,0,0,1,0,1,1,0,0,1,1,0,1,0
423,ID12524,0.82,0.67,0.00,FEMALE,INNER_CITY,YES,YES,YES,YES,NO,NO,1,0,1,0,0,0,0,1,0,1,0,1,0,1,1,0,1,0
424,ID12525,0.04,0.21,0.33,MALE,TOWN,NO,YES,NO,YES,NO,YES,0,1,0,0,0,1,1,0,0,1,1,0,0,1,1,0,0,1
425,ID12526,0.53,0.44,0.00,FEMALE,RURAL,YES,NO,YES,YES,NO,NO,1,0,0,1,0,0,0,1,1,0,0,1,0,1,1,0,1,0
426,ID12527,0.96,0.43,1.00,FEMALE,TOWN,YES,NO,YES,NO,NO,NO,1,0,0,0,0,1,0,1,1,0,0,1,1,0,1,0,1,0
427,ID12528,0.71,0.47,0.67,FEMALE,INNER_CITY,YES,YES,NO,NO,NO,YES,1,0,1,0,0,0,0,1,0,1,1,0,1,0,1,0,0,1
428,ID12529,0.33,0.21,0.33,FEMALE,INNER_CITY,YES,YES,NO,YES,YES,YES,1,0,1,0,0,0,0,1,0,1,1,0,0,1,0,1,0,1
429,ID12530,0.35,0.39,0.67,MALE,RURAL,NO,NO,YES,YES,YES,NO,0,1,0,1,0,0,1,0,1,0,0,1,0,1,0,1,1,0
430,ID12531,0.61,0.41,0.00,MALE,TOWN,YES,NO,YES,NO,YES,NO,0,1,0,0,0,1,0,1,1,0,0,1,1,0,0,1,1,0
431,ID12532,0.94,0.92,0.33,FEMALE,TOWN,YES,YES,YES,YES,NO,YES,1,0,0,0,0,1,0,1,0,1,0,1,0,1,1,0,0,1
432,ID12533,0.57,0.20,0.00,MALE,TOWN,NO,YES,YES,YES,YES,NO,0,1,0,0,0,1,1,0,0,1,0,1,0,1,0,1,1,0
433,ID12534,0.49,0.40,0.00,FEMALE,RURAL,YES,NO,NO,YES,YES,YES,1,0,0,1,0,0,0,1,1,0,1,0,0,1,0,1,0,1
434,ID12535,0.59,0.31,0.00,MALE,INNER_CITY,YES,YES,YES,NO,NO,NO,0,1,1,0,0,0,0,1,0,1,0,1,1,0,1,0,1,0
435,ID12536,0.10,0.12,0.67,MALE,TOWN,NO,YES,YES,YES,YES,NO,0,1,0,0,0,1,1,0,0,1,0,1,0,1,0,1,1,0
436,ID12537,0.35,0.20,0.00,MALE,INNER_CITY,YES,YES,NO,NO,YES,YES,0,1,1,0,0,0,0,1,0,1,1,0,1,0,0,1,0,1
437,ID12538,0.94,0.45,0.33,FEMALE,INNER_CITY,NO,YES,YES,NO,YES,YES,1,0,1,0,0,0,1,0,0,1,0,1,1,0,0,1,0,1
438,ID12539,0.00,0.12,0.33,FEMALE,SUBURBAN,YES,NO,NO,YES,NO,NO,1,0,0,0,1,0,0,1,1,0,1,0,0,1,1,0,1,0
439,ID12540,0.02,0.18,0.33,MALE,INNER_CITY,YES,YES,NO,YES,NO,NO,0,1,1,0,0,0,0,1,0,1,1,0,0,1,1,0,1,0
440,ID12541,0.45,0.42,0.33,MALE,INNER_CITY,YES,NO,YES,NO,YES,YES,0,1,1,0,0,0,0,1,1,0,0,1,1,0,0,1,0,1
441,ID12542,0.59,0.68,0.00,MALE,INNER_CITY,YES,YES,YES,YES,NO,NO,0,1,1,0,0,0,0,1,0,1,0,1,0,1,1,0,1,0
442,ID12543,0.51,0.54,0.00,FEMALE,RURAL,YES,YES,YES,YES,NO,NO,1,0,0,1,0,0,0,1,0,1,0,1,0,1,1,0,1,0
443,ID12544,0.41,0.49,0.00,MALE,TOWN,NO,YES,NO,YES,YES,YES,0,1,0,0,0,1,1,0,0,1,1,0,0,1,0,1,0,1
444,ID12545,0.06,0.19,0.00,FEMALE,RURAL,YES,NO,YES,YES,NO,YES,1,0,0,1,0,0,0,1,1,0,0,1,0,1,1,0,0,1
445,ID12546,0.45,0.46,0.00,MALE,RURAL,YES,YES,YES,YES,NO,NO,0,1,0,1,0,0,0,1,0,1,0,1,0,1,1,0,1,0
446,ID12547,0.69,0.67,0.00,FEMALE,TOWN,YES,NO,YES,YES,NO,NO,1,0,0,0,0,1,0,1,1,0,0,1,0,1,1,0,1,0
447,ID12548,0.35,0.44,0.67,FEMALE,TOWN,YES,NO,NO,YES,NO,YES,1,0,0,0,0,1,0,1,1,0,1,0,0,1,1,0,0,1
448,ID12549,0.71,0.76,1.00,MALE,RURAL,YES,YES,YES,NO,NO,YES,0,1,0,1,0,0,0,1,0,1,0,1,1,0,1,0,0,1
449,ID12550,0.41,0.50,0.00,FEMALE,RURAL,NO,YES,YES,YES,NO,YES,1,0,0,1,0,0,1,0,0,1,0,1,0,1,1,0,0,1
450,ID12551,0.49,0.41,1.00,MALE,INNER_CITY,YES,YES,NO,NO,NO,NO,0,1,1,0,0,0,0,1,0,1,1,0,1,0,1,0,1,0
451,ID12552,0.51,0.58,0.00,MALE,TOWN,NO,YES,YES,NO,YES,NO,0,1,0,0,0,1,1,0,0,1,0,1,1,0,0,1,1,0
452,ID12553,0.84,0.38,0.00,FEMALE,INNER_CITY,NO,NO,NO,YES,NO,YES,1,0,1,0,0,0,1,0,1,0,1,0,0,1,1,0,0,1
453,ID12554,0.84,0.80,0.00,FEMALE,RURAL,NO,YES,YES,YES,YES,NO,1,0,0,1,0,0,1,0,0,1,0,1,0,1,0,1,1,0
454,ID12555,0.12,0.20,0.00,MALE,INNER_CITY,NO,NO,YES,YES,YES,NO,0,1,1,0,0,0,1,0,1,0,0,1,0,1,0,1,1,0
455,ID12556,0.18,0.12,0.00,FEMALE,INNER_CITY,YES,YES,YES,YES,NO,NO,1,0,1,0,0,0,0,1,0,1,0,1,0,1,1,0,1,0
456,ID12557,0.29,0.14,0.00,FEMALE,TOWN,YES,YES,YES,YES,YES,NO,1,0,0,0,0,1,0,1,0,1,0,1,0,1,0,1,1,0
457,ID12558,0.96,0.97,0.00,FEMALE,INNER_CITY,YES,NO,YES,YES,NO,NO,1,0,1,0,0,0,0,1,1,0,0,1,0,1,1,0,1,0
458,ID12559,0.00,0.15,0.33,MALE,SUBURBAN,NO,NO,YES,YES,NO,NO,0,1,0,0,1,0,1,0,1,0,0,1,0,1,1,0,1,0
459,ID12560,0.98,0.72,0.33,MALE,TOWN,YES,NO,YES,YES,NO,YES,0,1,0,0,0,1,0,1,1,0,0,1,0,1,1,0,0,1
460,ID12561,0.47,0.32,0.00,MALE,INNER_CITY,YES,YES,NO,YES,YES,YES,0,1,1,0,0,0,0,1,0,1,1,0,0,1,0,1,0,1
461,ID12562,0.94,0.34,0.00,FEMALE,SUBURBAN,YES,YES,YES,NO,YES,NO,1,0,0,0,1,0,0,1,0,1,0,1,1,0,0,1,1,0
462,ID12563,0.10,0.22,0.00,FEMALE,INNER_CITY,YES,YES,NO,YES,YES,YES,1,0,1,0,0,0,0,1,0,1,1,0,0,1,0,1,0,1
463,ID12564,0.22,0.18,0.67,FEMALE,RURAL,YES,YES,NO,YES,NO,NO,1,0,0,1,0,0,0,1,0,1,1,0,0,1,1,0,1,0
464,ID12565,0.20,0.27,0.00,MALE,TOWN,NO,YES,YES,YES,NO,YES,0,1,0,0,0,1,1,0,0,1,0,1,0,1,1,0,0,1
465,ID12566,0.80,0.40,0.67,FEMALE,TOWN,YES,YES,YES,YES,YES,NO,1,0,0,0,0,1,0,1,0,1,0,1,0,1,0,1,1,0
466,ID12567,0.41,0.29,0.00,MALE,INNER_CITY,YES,NO,NO,YES,NO,NO,0,1,1,0,0,0,0,1,1,0,1,0,0,1,1,0,1,0
467,ID12568,0.33,0.13,1.00,FEMALE,SUBURBAN,NO,NO,YES,YES,NO,YES,1,0,0,0,1,0,1,0,1,0,0,1,0,1,1,0,0,1
468,ID12569,0.51,0.17,0.00,MALE,SUBURBAN,YES,NO,NO,YES,NO,YES,0,1,0,0,1,0,0,1,1,0,1,0,0,1,1,0,0,1
469,ID12570,0.92,0.56,1.00,MALE,TOWN,NO,YES,YES,YES,NO,NO,0,1,0,0,0,1,1,0,0,1,0,1,0,1,1,0,1,0
470,ID12571,0.90,0.63,0.00,FEMALE,INNER_CITY,YES,NO,YES,YES,YES,NO,1,0,1,0,0,0,0,1,1,0,0,1,0,1,0,1,1,0
471,ID12572,0.67,0.35,0.00,FEMALE,INNER_CITY,YES,YES,YES,YES,NO,NO,1,0,1,0,0,0,0,1,0,1,0,1,0,1,1,0,1,0
472,ID12573,0.88,0.28,0.67,MALE,INNER_CITY,YES,YES,YES,NO,NO,NO,0,1,1,0,0,0,0,1,0,1,0,1,1,0,1,0,1,0
473,ID12574,0.47,0.39,0.00,FEMALE,TOWN,NO,NO,YES,YES,NO,YES,1,0,0,0,0,1,1,0,1,0,0,1,0,1,1,0,0,1
474,ID12575,0.27,0.30,0.33,FEMALE,TOWN,NO,YES,YES,YES,YES,YES,1,0,0,0,0,1,1,0,0,1,0,1,0,1,0,1,0,1
475,ID12576,0.31,0.12,0.67,FEMALE,TOWN,YES,NO,YES,YES,YES,NO,1,0,0,0,0,1,0,1,1,0,0,1,0,1,0,1,1,0
476,ID12577,0.51,0.36,0.33,MALE,RURAL,NO,NO,NO,YES,NO,YES,0,1,0,1,0,0,1,0,1,0,1,0,0,1,1,0,0,1
477,ID12578,0.45,0.39,0.00,MALE,INNER_CITY,YES,NO,YES,YES,YES,NO,0,1,1,0,0,0,0,1,1,0,0,1,0,1,0,1,1,0
478,ID12579,0.59,0.32,0.67,MALE,TOWN,YES,NO,YES,YES,YES,NO,0,1,0,0,0,1,0,1,1,0,0,1,0,1,0,1,1,0
479,ID12580,0.57,0.66,0.33,MALE,TOWN,NO,YES,YES,YES,NO,YES,0,1,0,0,0,1,1,0,0,1,0,1,0,1,1,0,0,1
480,ID12581,0.24,0.11,0.67,MALE,RURAL,YES,NO,NO,YES,YES,NO,0,1,0,1,0,0,0,1,1,0,1,0,0,1,0,1,1,0
481,ID12582,0.59,0.68,0.67,MALE,INNER_CITY,NO,YES,YES,YES,NO,YES,0,1,1,0,0,0,1,0,0,1,0,1,0,1,1,0,0,1
482,ID12583,0.53,0.48,0.00,MALE,RURAL,NO,NO,YES,YES,YES,NO,0,1,0,1,0,0,1,0,1,0,0,1,0,1,0,1,1,0
483,ID12584,0.10,0.20,0.00,MALE,RURAL,YES,YES,YES,NO,NO,NO,0,1,0,1,0,0,0,1,0,1,0,1,1,0,1,0,1,0
484,ID12585,0.20,0.28,0.33,FEMALE,INNER_CITY,YES,YES,YES,YES,NO,YES,1,0,1,0,0,0,0,1,0,1,0,1,0,1,1,0,0,1
485,ID12586,0.94,0.77,0.00,FEMALE,INNER_CITY,YES,YES,YES,YES,YES,NO,1,0,1,0,0,0,0,1,0,1,0,1,0,1,0,1,1,0
486,ID12587,0.35,0.29,0.00,FEMALE,TOWN,YES,NO,YES,NO,YES,NO,1,0,0,0,0,1,0,1,1,0,0,1,1,0,0,1,1,0
487,ID12588,0.02,0.20,0.33,MALE,RURAL,YES,NO,NO,YES,NO,YES,0,1,0,1,0,0,0,1,1,0,1,0,0,1,1,0,0,1
488,ID12589,0.18,0.15,1.00,FEMALE,TOWN,YES,NO,YES,NO,NO,NO,1,0,0,0,0,1,0,1,1,0,0,1,1,0,1,0,1,0
489,ID12590,0.18,0.26,0.67,MALE,INNER_CITY,YES,NO,YES,NO,NO,YES,0,1,1,0,0,0,0,1,1,0,0,1,1,0,1,0,0,1
490,ID12591,0.82,0.46,0.33,FEMALE,INNER_CITY,YES,YES,YES,NO,YES,YES,1,0,1,0,0,0,0,1,0,1,0,1,1,0,0,1,0,1
491,ID12592,0.57,0.21,0.33,FEMALE,TOWN,NO,YES,YES,YES,NO,YES,1,0,0,0,0,1,1,0,0,1,0,1,0,1,1,0,0,1
492,ID12593,0.88,0.39,0.00,FEMALE,TOWN,YES,YES,YES,NO,YES,YES,1,0,0,0,0,1,0,1,0,1,0,1,1,0,0,1,0,1
493,ID12594,0.84,0.62,0.00,MALE,INNER_CITY,NO,NO,YES,YES,NO,YES,0,1,1,0,0,0,1,0,1,0,0,1,0,1,1,0,0,1
494,ID12595,0.59,0.67,1.00,FEMALE,RURAL,YES,NO,YES,YES,NO,NO,1,0,0,1,0,0,0,1,1,0,0,1,0,1,1,0,1,0
495,ID12596,0.53,0.58,0.00,MALE,INNER_CITY,YES,NO,NO,NO,YES,YES,0,1,1,0,0,0,0,1,1,0,1,0,1,0,0,1,0,1
496,ID12597,0.65,0.62,0.67,MALE,TOWN,NO,YES,YES,YES,YES,YES,0,1,0,0,0,1,1,0,0,1,0,1,0,1,0,1,0,1
497,ID12598,0.94,0.72,0.00,MALE,INNER_CITY,NO,NO,YES,YES,NO,YES,0,1,1,0,0,0,1,0,1,0,0,1,0,1,1,0,0,1
498,ID12599,0.67,0.67,0.00,FEMALE,TOWN,NO,NO,YES,YES,YES,NO,1,0,0,0,0,1,1,0,1,0,0,1,0,1,0,1,1,0
499,ID12600,0.57,0.24,0.00,FEMALE,TOWN,YES,YES,NO,YES,NO,YES,1,0,0,0,0,1,0,1,0,1,1,0,0,1,1,0,0,1
500,ID12601,0.43,0.39,1.00,FEMALE,INNER_CITY,YES,YES,YES,NO,NO,NO,1,0,1,0,0,0,0,1,0,1,0,1,1,0,1,0,1,0
501,ID12602,0.82,0.48,0.33,FEMALE,INNER_CITY,NO,YES,NO,YES,NO,YES,1,0,1,0,0,0,1,0,0,1,1,0,0,1,1,0,0,1
502,ID12603,0.29,0.37,0.00,FEMALE,TOWN,YES,YES,NO,NO,NO,NO,1,0,0,0,0,1,0,1,0,1,1,0,1,0,1,0,1,0
503,ID12604,0.08,0.18,0.00,FEMALE,INNER_CITY,NO,YES,YES,YES,YES,NO,1,0,1,0,0,0,1,0,0,1,0,1,0,1,0,1,1,0
504,ID12605,0.92,0.94,0.33,FEMALE,INNER_CITY,YES,YES,YES,YES,NO,YES,1,0,1,0,0,0,0,1,0,1,0,1,0,1,1,0,0,1
505,ID12606,0.35,0.41,0.00,FEMALE,TOWN,YES,YES,YES,YES,NO,NO,1,0,0,0,0,1,0,1,0,1,0,1,0,1,1,0,1,0
506,ID12607,0.84,0.31,0.00,FEMALE,INNER_CITY,YES,NO,NO,NO,YES,YES,1,0,1,0,0,0,0,1,1,0,1,0,1,0,0,1,0,1
507,ID12608,0.08,0.11,0.00,FEMALE,SUBURBAN,NO,YES,YES,YES,NO,YES,1,0,0,0,1,0,1,0,0,1,0,1,0,1,1,0,0,1
508,ID12609,0.86,0.78,0.67,MALE,SUBURBAN,NO,NO,YES,YES,YES,YES,0,1,0,0,1,0,1,0,1,0,0,1,0,1,0,1,0,1
509,ID12610,0.10,0.11,0.67,FEMALE,RURAL,YES,YES,YES,YES,NO,YES,1,0,0,1,0,0,0,1,0,1,0,1,0,1,1,0,0,1
510,ID12611,0.22,0.14,0.00,FEMALE,TOWN,YES,NO,YES,NO,NO,NO,1,0,0,0,0,1,0,1,1,0,0,1,1,0,1,0,1,0
511,ID12612,0.53,0.19,1.00,MALE,INNER_CITY,YES,NO,YES,YES,NO,NO,0,1,1,0,0,0,0,1,1,0,0,1,0,1,1,0,1,0
512,ID12613,0.92,0.67,0.00,FEMALE,TOWN,YES,YES,YES,YES,YES,NO,1,0,0,0,0,1,0,1,0,1,0,1,0,1,0,1,1,0
513,ID12614,0.14,0.16,1.00,FEMALE,RURAL,NO,NO,YES,YES,NO,NO,1,0,0,1,0,0,1,0,1,0,0,1,0,1,1,0,1,0
514,ID12615,0.39,0.50,0.00,MALE,INNER_CITY,NO,YES,YES,NO,NO,YES,0,1,1,0,0,0,1,0,0,1,0,1,1,0,1,0,0,1
515,ID12616,0.61,0.20,0.33,FEMALE,INNER_CITY,YES,NO,YES,YES,NO,YES,1,0,1,0,0,0,0,1,1,0,0,1,0,1,1,0,0,1
516,ID12617,0.35,0.26,0.00,FEMALE,TOWN,NO,NO,YES,NO,NO,YES,1,0,0,0,0,1,1,0,1,0,0,1,1,0,1,0,0,1
517,ID12618,0.67,0.49,0.33,MALE,TOWN,YES,NO,YES,NO,YES,YES,0,1,0,0,0,1,0,1,1,0,0,1,1,0,0,1,0,1
518,ID12619,0.18,0.29,1.00,FEMALE,TOWN,NO,NO,NO,YES,NO,NO,1,0,0,0,0,1,1,0,1,0,1,0,0,1,1,0,1,0
519,ID12620,0.78,0.41,1.00,FEMALE,INNER_CITY,YES,YES,YES,YES,YES,NO,1,0,1,0,0,0,0,1,0,1,0,1,0,1,0,1,1,0
520,ID12621,0.41,0.12,0.67,FEMALE,INNER_CITY,YES,YES,NO,YES,NO,YES,1,0,1,0,0,0,0,1,0,1,1,0,0,1,1,0,0,1
521,ID12622,0.37,0.21,0.67,FEMALE,TOWN,YES,YES,YES,YES,NO,NO,1,0,0,0,0,1,0,1,0,1,0,1,0,1,1,0,1,0
522,ID12623,0.18,0.13,1.00,MALE,SUBURBAN,NO,NO,YES,YES,YES,NO,0,1,0,0,1,0,1,0,1,0,0,1,0,1,0,1,1,0
523,ID12624,0.33,0.19,0.00,FEMALE,TOWN,YES,YES,YES,NO,YES,NO,1,0,0,0,0,1,0,1,0,1,0,1,1,0,0,1,1,0
524,ID12625,0.53,0.24,0.00,MALE,SUBURBAN,YES,YES,YES,YES,YES,YES,0,1,0,0,1,0,0,1,0,1,0,1,0,1,0,1,0,1
525,ID12626,0.51,0.25,0.33,FEMALE,INNER_CITY,YES,NO,NO,YES,NO,YES,1,0,1,0,0,0,0,1,1,0,1,0,0,1,1,0,0,1
526,ID12627,0.29,0.16,0.67,MALE,INNER_CITY,NO,NO,YES,NO,YES,NO,0,1,1,0,0,0,1,0,1,0,0,1,1,0,0,1,1,0
527,ID12628,0.06,0.10,0.33,FEMALE,TOWN,NO,NO,YES,YES,YES,NO,1,0,0,0,0,1,1,0,1,0,0,1,0,1,0,1,1,0
528,ID12629,0.24,0.36,0.67,FEMALE,INNER_CITY,YES,NO,NO,YES,NO,NO,1,0,1,0,0,0,0,1,1,0,1,0,0,1,1,0,1,0
529,ID12630,0.76,0.66,0.33,MALE,RURAL,YES,YES,YES,YES,NO,NO,0,1,0,1,0,0,0,1,0,1,0,1,0,1,1,0,1,0
530,ID12631,0.94,0.93,0.33,MALE,SUBURBAN,YES,NO,YES,YES,NO,YES,0,1,0,0,1,0,0,1,1,0,0,1,0,1,1,0,0,1
531,ID12632,0.37,0.39,0.33,FEMALE,INNER_CITY,NO,YES,NO,NO,NO,YES,1,0,1,0,0,0,1,0,0,1,1,0,1,0,1,0,0,1
532,ID12633,0.84,0.43,0.33,MALE,INNER_CITY,NO,NO,YES,YES,NO,YES,0,1,1,0,0,0,1,0,1,0,0,1,0,1,1,0,0,1
533,ID12634,0.86,0.43,0.00,MALE,INNER_CITY,YES,YES,NO,YES,YES,YES,0,1,1,0,0,0,0,1,0,1,1,0,0,1,0,1,0,1
534,ID12635,0.18,0.15,0.33,FEMALE,TOWN,NO,YES,YES,YES,YES,NO,1,0,0,0,0,1,1,0,0,1,0,1,0,1,0,1,1,0
535,ID12636,0.22,0.09,0.00,MALE,INNER_CITY,YES,NO,NO,YES,NO,NO,0,1,1,0,0,0,0,1,1,0,1,0,0,1,1,0,1,0
536,ID12637,0.71,0.57,0.33,FEMALE,INNER_CITY,NO,NO,YES,YES,NO,YES,1,0,1,0,0,0,1,0,1,0,0,1,0,1,1,0,0,1
537,ID12638,0.88,0.90,0.67,FEMALE,RURAL,NO,NO,YES,YES,NO,YES,1,0,0,1,0,0,1,0,1,0,0,1,0,1,1,0,0,1
538,ID12639,0.51,0.58,0.00,FEMALE,INNER_CITY,YES,NO,YES,YES,NO,NO,1,0,1,0,0,0,0,1,1,0,0,1,0,1,1,0,1,0
539,ID12640,0.02,0.09,0.00,MALE,INNER_CITY,YES,NO,YES,YES,YES,YES,0,1,1,0,0,0,0,1,1,0,0,1,0,1,0,1,0,1
540,ID12641,0.61,0.29,0.33,FEMALE,INNER_CITY,YES,YES,YES,NO,YES,YES,1,0,1,0,0,0,0,1,0,1,0,1,1,0,0,1,0,1
541,ID12642,0.43,0.56,0.67,MALE,RURAL,YES,NO,YES,YES,NO,YES,0,1,0,1,0,0,0,1,1,0,0,1,0,1,1,0,0,1
542,ID12643,0.29,0.17,0.67,MALE,INNER_CITY,YES,YES,YES,YES,NO,NO,0,1,1,0,0,0,0,1,0,1,0,1,0,1,1,0,1,0
543,ID12644,0.92,0.75,0.33,MALE,SUBURBAN,YES,YES,YES,NO,YES,YES,0,1,0,0,1,0,0,1,0,1,0,1,1,0,0,1,0,1
544,ID12645,0.57,0.28,0.33,MALE,RURAL,YES,YES,YES,YES,NO,YES,0,1,0,1,0,0,0,1,0,1,0,1,0,1,1,0,0,1
545,ID12646,0.45,0.54,0.00,MALE,INNER_CITY,NO,NO,NO,YES,YES,YES,0,1,1,0,0,0,1,0,1,0,1,0,0,1,0,1,0,1
546,ID12647,0.18,0.18,0.00,FEMALE,INNER_CITY,NO,YES,NO,NO,YES,YES,1,0,1,0,0,0,1,0,0,1,1,0,1,0,0,1,0,1
547,ID12648,0.08,0.07,0.67,MALE,SUBURBAN,YES,YES,YES,YES,NO,NO,0,1,0,0,1,0,0,1,0,1,0,1,0,1,1,0,1,0
548,ID12649,0.49,0.27,0.33,MALE,RURAL,YES,YES,YES,YES,NO,YES,0,1,0,1,0,0,0,1,0,1,0,1,0,1,1,0,0,1
549,ID12650,0.82,0.82,0.33,FEMALE,TOWN,YES,YES,YES,YES,YES,YES,1,0,0,0,0,1,0,1,0,1,0,1,0,1,0,1,0,1
550,ID12651,0.10,0.05,0.33,FEMALE,INNER_CITY,YES,YES,NO,YES,NO,NO,1,0,1,0,0,0,0,1,0,1,1,0,0,1,1,0,1,0
551,ID12652,0.82,0.47,1.00,MALE,SUBURBAN,YES,NO,NO,NO,NO,NO,0,1,0,0,1,0,0,1,1,0,1,0,1,0,1,0,1,0
552,ID12653,0.55,0.62,0.67,MALE,INNER_CITY,YES,YES,YES,YES,NO,NO,0,1,1,0,0,0,0,1,0,1,0,1,0,1,1,0,1,0
553,ID12654,0.63,0.59,0.00,FEMALE,SUBURBAN,YES,YES,NO,NO,YES,NO,1,0,0,0,1,0,0,1,0,1,1,0,1,0,0,1,1,0
554,ID12655,1.00,0.53,1.00,FEMALE,INNER_CITY,YES,YES,YES,YES,NO,NO,1,0,1,0,0,0,0,1,0,1,0,1,0,1,1,0,1,0
555,ID12656,0.04,0.05,0.67,FEMALE,TOWN,YES,YES,YES,YES,NO,NO,1,0,0,0,0,1,0,1,0,1,0,1,0,1,1,0,1,0
556,ID12657,0.51,0.23,0.33,FEMALE,RURAL,YES,YES,YES,YES,YES,YES,1,0,0,1,0,0,0,1,0,1,0,1,0,1,0,1,0,1
557,ID12658,0.47,0.35,0.00,MALE,RURAL,YES,NO,NO,YES,NO,NO,0,1,0,1,0,0,0,1,1,0,1,0,0,1,1,0,1,0
558,ID12659,0.41,0.45,0.00,FEMALE,SUBURBAN,YES,NO,YES,YES,NO,NO,1,0,0,0,1,0,0,1,1,0,0,1,0,1,1,0,1,0
559,ID12660,1.00,0.34,0.00,FEMALE,SUBURBAN,YES,NO,NO,YES,YES,YES,1,0,0,0,1,0,0,1,1,0,1,0,0,1,0,1,0,1
560,ID12661,0.45,0.20,0.33,MALE,INNER_CITY,NO,NO,YES,YES,NO,YES,0,1,1,0,0,0,1,0,1,0,0,1,0,1,1,0,0,1
561,ID12662,0.14,0.31,0.00,FEMALE,SUBURBAN,NO,NO,NO,YES,YES,YES,1,0,0,0,1,0,1,0,1,0,1,0,0,1,0,1,0,1
562,ID12663,0.80,0.79,0.00,FEMALE,RURAL,YES,NO,YES,YES,NO,NO,1,0,0,1,0,0,0,1,1,0,0,1,0,1,1,0,1,0
563,ID12664,0.29,0.30,0.33,FEMALE,INNER_CITY,NO,NO,NO,YES,YES,YES,1,0,1,0,0,0,1,0,1,0,1,0,0,1,0,1,0,1
564,ID12665,0.53,0.31,0.00,MALE,SUBURBAN,YES,YES,NO,YES,YES,YES,0,1,0,0,1,0,0,1,0,1,1,0,0,1,0,1,0,1
565,ID12666,0.24,0.34,0.00,MALE,TOWN,YES,YES,YES,NO,NO,NO,0,1,0,0,0,1,0,1,0,1,0,1,1,0,1,0,1,0
566,ID12667,0.51,0.30,0.00,MALE,TOWN,YES,NO,NO,YES,YES,NO,0,1,0,0,0,1,0,1,1,0,1,0,0,1,0,1,1,0
567,ID12668,0.02,0.21,0.67,FEMALE,INNER_CITY,YES,YES,YES,YES,NO,NO,1,0,1,0,0,0,0,1,0,1,0,1,0,1,1,0,1,0
568,ID12669,0.39,0.42,0.00,FEMALE,TOWN,YES,YES,YES,YES,NO,NO,1,0,0,0,0,1,0,1,0,1,0,1,0,1,1,0,1,0
569,ID12670,0.63,0.22,0.33,MALE,INNER_CITY,NO,YES,YES,YES,YES,YES,0,1,1,0,0,0,1,0,0,1,0,1,0,1,0,1,0,1
570,ID12671,0.63,0.49,1.00,FEMALE,RURAL,NO,YES,NO,YES,NO,NO,1,0,0,1,0,0,1,0,0,1,1,0,0,1,1,0,1,0
571,ID12672,0.45,0.54,0.00,MALE,INNER_CITY,YES,NO,NO,NO,NO,NO,0,1,1,0,0,0,0,1,1,0,1,0,1,0,1,0,1,0
572,ID12673,0.31,0.39,0.67,FEMALE,SUBURBAN,NO,NO,YES,YES,NO,YES,1,0,0,0,1,0,1,0,1,0,0,1,0,1,1,0,0,1
573,ID12674,0.43,0.30,0.67,MALE,TOWN,YES,YES,YES,YES,NO,NO,0,1,0,0,0,1,0,1,0,1,0,1,0,1,1,0,1,0
574,ID12675,0.51,0.40,0.00,FEMALE,INNER_CITY,YES,YES,YES,YES,NO,NO,1,0,1,0,0,0,0,1,0,1,0,1,0,1,1,0,1,0
575,ID12676,0.39,0.44,0.00,MALE,TOWN,YES,NO,YES,YES,YES,NO,0,1,0,0,0,1,0,1,1,0,0,1,0,1,0,1,1,0
576,ID12677,0.12,0.24,0.33,FEMALE,TOWN,YES,YES,YES,YES,NO,YES,1,0,0,0,0,1,0,1,0,1,0,1,0,1,1,0,0,1
577,ID12678,0.90,0.69,0.00,MALE,TOWN,YES,YES,YES,NO,NO,YES,0,1,0,0,0,1,0,1,0,1,0,1,1,0,1,0,0,1
578,ID12679,0.00,0.02,0.00,MALE,INNER_CITY,NO,NO,YES,YES,YES,NO,0,1,1,0,0,0,1,0,1,0,0,1,0,1,0,1,1,0
579,ID12680,0.59,0.35,0.00,FEMALE,TOWN,YES,YES,NO,NO,NO,NO,1,0,0,0,0,1,0,1,0,1,1,0,1,0,1,0,1,0
580,ID12681,0.92,0.81,0.67,MALE,SUBURBAN,YES,YES,YES,NO,YES,YES,0,1,0,0,1,0,0,1,0,1,0,1,1,0,0,1,0,1
581,ID12682,0.04,0.13,0.67,MALE,TOWN,YES,YES,NO,YES,YES,NO,0,1,0,0,0,1,0,1,0,1,1,0,0,1,0,1,1,0
582,ID12683,0.57,0.29,1.00,FEMALE,TOWN,NO,NO,YES,NO,NO,NO,1,0,0,0,0,1,1,0,1,0,0,1,1,0,1,0,1,0
583,ID12684,0.59,0.41,0.67,FEMALE,RURAL,NO,YES,YES,YES,NO,NO,1,0,0,1,0,0,1,0,0,1,0,1,0,1,1,0,1,0
584,ID12685,0.31,0.32,0.33,MALE,TOWN,YES,NO,YES,YES,YES,YES,0,1,0,0,0,1,0,1,1,0,0,1,0,1,0,1,0,1
585,ID12686,0.04,0.08,1.00,MALE,TOWN,NO,YES,YES,YES,NO,NO,0,1,0,0,0,1,1,0,0,1,0,1,0,1,1,0,1,0
586,ID12687,0.04,0.23,0.33,MALE,INNER_CITY,YES,NO,NO,YES,NO,YES,0,1,1,0,0,0,0,1,1,0,1,0,0,1,1,0,0,1
587,ID12688,0.51,0.45,0.33,FEMALE,TOWN,NO,YES,YES,NO,NO,YES,1,0,0,0,0,1,1,0,0,1,0,1,1,0,1,0,0,1
588,ID12689,0.82,0.77,0.00,MALE,RURAL,YES,NO,YES,YES,NO,NO,0,1,0,1,0,0,0,1,1,0,0,1,0,1,1,0,1,0
589,ID12690,0.22,0.13,0.33,MALE,SUBURBAN,YES,YES,YES,YES,NO,NO,0,1,0,0,1,0,0,1,0,1,0,1,0,1,1,0,1,0
590,ID12691,0.14,0.32,0.00,MALE,INNER_CITY,YES,NO,NO,NO,NO,NO,0,1,1,0,0,0,0,1,1,0,1,0,1,0,1,0,1,0
591,ID12692,0.45,0.46,0.67,FEMALE,INNER_CITY,NO,NO,YES,YES,YES,YES,1,0,1,0,0,0,1,0,1,0,0,1,0,1,0,1,0,1
592,ID12693,0.61,0.26,0.00,MALE,TOWN,YES,NO,YES,YES,NO,NO,0,1,0,0,0,1,0,1,1,0,0,1,0,1,1,0,1,0
593,ID12694,0.96,0.80,0.67,MALE,SUBURBAN,YES,NO,YES,YES,NO,YES,0,1,0,0,1,0,0,1,1,0,0,1,0,1,1,0,0,1
594,ID12695,0.84,0.45,1.00,FEMALE,RURAL,YES,YES,YES,YES,YES,NO,1,0,0,1,0,0,0,1,0,1,0,1,0,1,0,1,1,0
595,ID12696,0.88,0.72,0.67,FEMALE,INNER_CITY,NO,YES,YES,YES,YES,NO,1,0,1,0,0,0,1,0,0,1,0,1,0,1,0,1,1,0
596,ID12697,0.24,0.08,0.00,FEMALE,INNER_CITY,YES,YES,YES,YES,NO,NO,1,0,1,0,0,0,0,1,0,1,0,1,0,1,1,0,1,0
597,ID12698,0.27,0.19,0.00,FEMALE,TOWN,YES,YES,YES,NO,NO,YES,1,0,0,0,0,1,0,1,0,1,0,1,1,0,1,0,0,1
598,ID12699,0.22,0.17,0.00,MALE,INNER_CITY,YES,NO,YES,NO,YES,NO,0,1,1,0,0,0,0,1,1,0,0,1,1,0,0,1,1,0
599,ID12700,0.41,0.37,0.00,MALE,TOWN,NO,YES,NO,YES,YES,YES,0,1,0,0,0,1,1,0,0,1,1,0,0,1,0,1,0,1
