Category,Outbreak,Location,Lat,Long,Cases,Fatalities,Impact Scale,Type
Polio,Polio,Afghanistan,33.4131,68.09326,25,,Epd,Other
Polio,Polio,Afghanistan,33.4131,68.09326,80,,Epd,Other
Polio,Polio,Afghanistan,32.54681,64.07227,37,,2nd,Other
Polio,sabin-like type 2 polio,Afghanistan (Kandahar),28.31405,65.2478,2,,Clst,Other
Polio,Polio,Afghanistan,33.65121,64.07227,12,,Epd,Other
Whooping Cough,Whooping Cough,Afghanistan (Badkhshan),36.73477,70.812,350,12,Clst,Other
Measles,Measles,Afghanistan (Ghor),35.16713,63.76954,6000,20,Epd,Other
Measles,Measles,Afghanistan,33.92513,66.26953,3013,,Epd,Other
Measles,Measles,Algeria (Adrar),26.41813,0.2833,87,,Epd,Other
Measles,Measles,Angola (Cunene),-16.4905382,14.6223476,99,,Epd,Other
Measles,Measles,Angola,-11.24054,17.84369,2657,,Epd,Other
Measles,Measles,Angola,-11.12097,17.80746,1679,,Epd,Other
Measles,Measles,Angola,-13.000532,17.87389,16,8,Clst,Other
Measles,Measles,Angola (Kuando Kubango),-16.41808,18.80762,320,,Epd,Other
Measles,Measles,Angola (Huila),-14.92806,14.65878,35,5,Clst,Other
Measles,Measles,Angola (Cunene),-16.4905382,14.6223476,19,,Clst,Other
Measles,Measles,Angola (Uige),-7.17367,15.40681,45,,Clst,Other
Polio,Polio,Angola,-11.236546,17.873887,24,,2nd,Other
Polio,Polio,Angola,-13.41099,16.78711,5,,Clst,Other
Measles,Measles,Argentina,-34.60372,-58.38159,1,,Isl,Other
Measles,Measles,Argentina,-34.60372,-58.38159,1,,Isl,Other
Whooping Cough,Whooping Cough,Argentina,-38.4161,-63.61667,597,,Epd,Other
Whooping Cough,Whooping Cough,Argentina (Mendoza),-32.89018,-68.84405,71,,Epd,Other
Whooping Cough,Whooping Cough,Australia (Gladstone Region),-23.805604,151.254637,65,,Epd,Other
Whooping Cough,Whooping Cough,Australia (New South Wales),-33.28462,144.31641,13046,,Epd,Other
Whooping Cough,Whooping Cough,Australia (Western Australia),-26.71617,122.10205,3597,,Epd,Other
Whooping Cough,Whooping Cough,Australia,-20.91757,142.7028,1505,,Epd,Other
Whooping Cough,Whooping Cough,Australia (New South Wales),-33.13755,146.42578,3722,,Epd,Other
Measles,Measles,Australia (Victoria),-38.471308,140.785153,18,,Clst,Other
Measles,Measles,Austria (Styria),47.264901,14.89393,37,,2nd,Other
Measles,Measles,Australia (Western Australia),-27.672817,121.62831,2,,2nd,Other
Measles,Measles,Australia (New South Wales),-30.253218,146.921099,1,,Isl,Other
Measles,Measles,Australia (Queensland),-24.917574,145.902796,2,,2nd,Other
Measles,Measles,Australia,-22.73591,140.018765,3,,2nd,Other
Measles,Measles,Australia (Brisbane),-27.470933,153.023502,1,,Isl,Other
Measles,Measles,Australia (Melbourne),-37.813187,144.96298,1,,Isl,Other
Measles,Measles,Australia (Blacktown),-33.769464,150.908493,14,,Clst,Other
Measles,Measles,Australia (Victoria),-37.471308,141.785153,16,,2nd,Other
Measles,Measles,Australia (Queensland),-23.917574,141.702796,12,,Clst,Other
Measles,Measles,Australia (New South Wales),-32.253218,146.921099,29,,Clst,Other
Measles,Measles,Australia (Queensland),-20.917574,142.702796,1,,Isl,Other
Measles,Measles,Australia (Victoria),-35.471308,144.785153,4,,Clst,Other
Measles,Measles,Australia (South),-29.532804,145.491477,1,,Isl,Other
Measles,Measles,Australia (Adelaide),-34.928621,138.599959,1,,Isl,Other
Measles,Measles,Australia (Northern Territory),-19.491411,132.55096,1,,Isl,Other
Measles,Measles,Australia (South Australia),-30.000232,136.209155,2,,2nd,Other
Measles,Measles,Australia (Australian Capital Territory),-35.47347,149.01237,12,,Clst,Other
Measles,Measles,Australia (Adelaide),-34.92113,138.58377,1,,Isl,Other
Measles,Measles,Australia (Canberra),-33.99803,146.84326,13,,Clst,Other
Measles,Measles,Australia,-22.73591,140.018765,89,,Epd,Other
Measles,Measles,Australia (Adelaide),-37.96443,145.05598,2,,2nd,Other
Measles,Measles,Australia (Sydney),-33.76946,150.90849,2,,Clst,Other
Measles,Measles,Australia (Sydney),-33.88305,151.11442,3,,Clst,Other
Measles,Measles,Australia (Queensland),-20.91757,142.7028,1,,Isl,Other
Measles,Measles,Australia (Campbelltown),-34.06777,150.81319,22,,Clst,Other
Measles,Measles,Australia (Queensland),-25.12539,144.22852,1,,Isl,Other
Measles,Measles,Australia (Sydney),-33.89379,151.22561,40,,Clst,Other
Measles,Measles,Australia (New South Wales),-31.25322,146.9211,2,,Isl,Other
Measles,Measles,Australia (Adelaide),-34.92862,138.59996,3,,Isl,Other
Measles,Measles,Australia (Victoria),-37.81411,144.96328,10,,Clst,Other
Measles,Measles,Australia (Queensland),-27.61409,152.75847,35,,Clst,Other
Measles ,Measles,Australia (Queensland),-26.6122,150.78,12,,Clst,Other
Measles,Measles,Australia (Queensland),-20.91757,142.7028,4,,Isl,Other
Mumps,Mumps,Australia (New South Wales),-31.25322,146.9211,15,,Clst,Other
Measles,Measles,Australia (New South Wales),-28.23696,153.5098,1,,Isl,Other
Measles,Measles,Australia,-23.99618,122.8767,27,,Epd,Other
Mumps,Mumps,Australia,-31.953,115.85747,30,,Clst,Other
Measles,Measles,Austria,47.51623,14.55007,22,,Clst,Other
Measles,Measles,Austria,47.07012,12.98584,35,,Clst,Other
Rubella,Rubella,Austria,48.18074,15.46875,10,,Isl,Other
Measles,Measles,Bangladesh (Bandarban),22.2,90.216667,200,20,Epid,Other
Measles,Measles,Bangladesh (Bandarban),22.2,92.216667,100,3,Epd,Other
Measles,Measles,Belgium,50.503887,4.469936,192,,Epd,Other
Measles,Measles,Belgium,50.54529,4.30801,56,,Epd,Other
Measles,Measles,Benin,9.61429,2.35794,1001,,Epd,Other
Measles,Measles,Benin,9.30769,2.315834,85,,Epd,Other
Measles,Measles,Bosnia,43.73935,18.3252,161,,Epd,Other
Measles,Measles,Botswana,-22.32847,24.68487,1412,,Epd,Other
Measles,Measles,Brazil (Sao Paolo),-23.54894,-46.63882,27,,Epd,Other
Measles,Measles,Brazil,-17.93018,-43.79085,3,,Clst,Other
Measles,Measles,Brazil,-8.81372,-36.95411,138,,Epd,Other
Measles,Measles,Bulgaria,42.733883,25.48583,958,,Epd,Other
Measles,Measles,Bulgaria,40.733883,24.48583,131,,Epd,Other
Measles,Measles,Bulgaria,42.79943,24.90051,2,,Isl,Other
Rubella,Rubella,Bulgaria,43.0167,25.92224,16,,Isl,Other
Other,Meningitis,Burkina Faso,12.238333,-1.561593,5118,718,Epd,Other
Measles,Measles,Burkina Faso ,12.938333,-1.61593,400,,Epd,Other
Measles,Measles,Burkina Faso,11.938333,-1.761593,19000,150,Epd,Other
Measles,Measles,Burkina Faso,13.238333,-1.161593,1258,10,Epd,Other
Measles,Measles,Cameroon,7.369722,11.354722,1338,6,Epd,Other
Measles,Measles,Cameroon,4.54357,12.91992,1305,,Epd,Other
Measles,Measles,Cameroon,8.369722,12.354722,160,2,Epd,Other
Measles,Measles,Cameroon,4.04749,9.70637,111,,Epd,Other
Polio,Polio,Cameroon,4.85015,12.7002,4,,Epd,Other
Measles,Measles,Canada (Alberta),55.93327,-117.5765,1,,Isl,Other
Measles,Measles,Canada (Alberta),53.933271,-116.576504,4,,2nd,Other
Measles,Measles,Canada (Alberta),53.54356,-113.49045,1,,Isl,Other
Measles,Measles,Canada (Alberta),53.5555,-115.57,18,,Clst,Other
Measles,Measles,Canada (British Columbia),53.726668,-127.647621,44,,Epd,Other
Measles,Measles,Canada (British Columbia),49.22949,-123.00258,4,,Clst,Other
Whooping Cough,Whooping Cough,Canada (British Columbia),55.17887,-126.12305,247,,Epd,Other
Whooping Cough,Whooping Cough,Canada (British Columbia),49.15794,-121.95147,140,,Epd,Other
Measles,Measles,Canada (Edmonton),53.54356,-113.49045,1,,Isl,Other
Whooping Cough,Whooping Cough,Canada (New Brunswick),46.56532,-66.46192,548,,Epd,Other
Measles,Measles,Canada (Prince Edward Island),46.51071,-63.41681,2,,2nd,Other
Measles,Measles,Canada (Halton),43.32552,-79.79903,6,,2nd,Other
Measles,Measles,Canada (Ontario),51.56341,-88.94531,1,,Isl,Other
Mumps,Mumps,Canada (Ontario),51.253775,-85.323214,11,,2nd,Other
Measles,Measles,Canada (Ottawa),46.411572,-75.698194,6,,2nd,Other
Measles,Measles,Canada (Ottawa),47.411572,-75.698194,1,,Isl,Other
Measles,Measles,Canada (Ottawa),45.411572,-75.698194,1,,Isl,Other
Measles,Measles,Canada (Quebec),52.939916,-73.549136,36,,Clst,Other
Measles,Measles,Canada (Quebec),53.939916,-73.549136,2,,2nd,Other
Measles,Measles,Canada (Quebec),52.93992,-73.54914,757,,Epd,Other
Measles,Measles,Canada (Saskatchewan),52.939916,-106.450864,6,,Clst,Other
Measles,Measles,Canada (Saskatchewan),53.70971,-106.43555,1,,Clst,Other
Measles,Measles,Canada (Saskatchewan),53.4982,-106.44,1,,Isl,Other
Measles,Measles,"Canada (Toronto, Ontario)",43.65323,-79.38318,1,,Isl,Other
Measles,Measles,Canada (New Brunswick),45.64477,-65.87402,3,,Isl,Other
Measles,Measles,Canada (British Columbia),53.72667,-127.64762,8,,Clst,Other
Measles,Measles,Canada (Quebec),45.47654,-75.70127,1,,Isl,Other
Measles,Measles,Canada (Ontario),43.13264,-80.73906,2,,Isl,Other
Measles,Measles,Canada (Ontario),43.25002,-79.86609,1,,Isl,Other
Mumps,Mumps,Canada (Quebec),51.9399642,-73.549136,20,,Clst,Other
Mumps,Mumps,Canada (Vancouver),49.261226,-123.113927,90,,Epd,Other
Mumps,Mumps,Canada (Whistler),50.116168,-122.959423,15,,Clst,Other
Whooping Cough,Whooping Cough,Canada (Yukon Territory),64.28233,-135,5,,Clst,Other
Measles,Measles,Central African Republic,6.611111,20.939444,31,,Clst,Other
Polio,Polio,Central African Republic,7.1336,20.99487,4,,Clst,Other
Measles,Measles,Central African Republic,4.3617,18.55597,8,,Clst,Other
Measles,Measles,Chad,15.454166,19.17513,5832,79,Epd,Other
Measles,Measles,Chad,16.454242,18.732207,5311,63,Epd,Other
Measles,Measles,Chad,13.60328,19.09424,8650,,Epd,Other
Measles,Measles,Chad,11.78133,21.79688,4,,Clst,Other
Other,Meningitis,Chad,14.99999,18.732207,507,56,Epd,Other
Polio,Polio,Chad,15.45417,18.73221,15,,Clst,Other
Polio,Polio,Chad,12.55456,16.61133,5,,Clst,Other
Whooping Cough,Whooping Cough,Chile,-33.04565,-71.62036,643,5,Epd,Other
Measles,Measles,Chile (Santiago),-33.416667,-70.55,1,,Isl,Other
Measles,Measles,Chile,-35.675147,-71.542969,6,,Clst,Other
Polio,Polio,China,35.38905,85.60547,9,,Clst,Other
Polio,Polio,China,37.85751,80.33203,4,,Clst,Other
Measles,Measles,China,35.85121,104.51569,129285,,Epd,Other
Measles,Measles,China (Shenzhen),22.543099,114.057868,2156,,Epd,Other
Measles,Measles,China,35.85121,104.51569,52461,,Epd,Other
Measles,Measles,China,35.85121,104.51569,3538,,Epd,Other
Measles,Measles,China (Heihe),50.245297,127.52846,280,,Epd,Other
Measles,Measles,China,35.85121,104.51569,9943,,Epd,Other
Measles,Measles,China (Inner Mongolia),40.8175,111.76562,19,,Clst,Other
Measles,Measles,China,35.74428,104.07074,2731,,Epd,Other
Measles,Measles,China (Changqiao),26.5152,103.5777,1,,Clst,Other
Measles,Measles,China (Yunnan),25.04535,102.70994,336,,Epd,Other
Measles,Measles,China,35.46067,91.75781,1502,,Epd,Other
Measles,Measles,China (Anhui),31.86118,117.28492,225,,Epd,Other
Measles,Measles,China (Kunming),24.88018,102.83286,151,,Epd,Other
Measles,Measles,China (Wudu District),33.3924,104.92652,88,,Epd,Other
Other,Typhoid Fever,China (Hubei),30.545861,114.341921,81,,Epd,Other
Measles,Measles,Colombia,4.99342,-74.29733,2,,2nd,Other
Measles,Measles,Colombia,4.57087,-74.29733,4,,2nd,Other
Measles,Measles,Colombia,5.01806,-74.07583,7,,Clst,Other
Measles,Measles,Colombia,4.57899,-73.49992,5,,Clst,Other
Mumps,Mumps,Colombia,5.62801,-74.30303,56,,Epd,Other
Mumps,Mumps,Colombia (Bogota),4.59806,-74.07583,323,,Epd,Other
Whooping Cough,Whooping Cough,Colombia,4.570868,-73.49992,14,14,Clst,Other
Whooping Cough,Whooping Cough,Colombia (Bogota),4.59806,-74.07583,589,23,Epd,Other
Whooping Cough,Whooping Cough,Colombia (Antioquia),7.19861,-75.34122,unknown,6,Epd,Other
Whooping Cough,Whooping Cough,Colombia,4.57087,-73.49992,unknown,21,Epd,Other
Measles,Measles,Cote dIvoire,8.39989,-5.54708,491,3,Epd,Other
Measles,Measles,Cote dIvoire,7.00189,-5.54708,47,,Epd,Other
Polio,Polio,Cote dIvoire,7.44962,-5.71289,36,,Epd,Other
Measles,Measles,Cyprus,35.12641,33.42986,1,,Isl,Other
Measles,Measles,Czech Republic,49.81749,15.47296,23,,Clst,Other
Measles,Measles,Denmark,56.26392,9.50178,2,,Clst,Other
Polio,Polio,DR Congo,-4.310395,15.371668,3,,2nd,Other
Measles,Measles,DR Congo,-4.038333,21.758664,3976,13,Epd,Other
Measles,Measles,DR Congo,-3.209257,23.730469,368,,Epd,Other
Measles,Measles,DR Congo,-2.41628,14.94141,1421,,Epd,Other
Measles,Measles,DR Congo (Kinshasa),-3.9241,15.29866,106,106,Epd,Other
Measles,Measles,DR Congo (Maniema),-4.123891,24.739923,3000,15,Epd,Other
Measles,Measles,DR Congo,-0.228021,15.827659,16000,107,Epd,Other
Measles,Measles,DR Congo (Katanga),-4.35808,15.301145,230,6,Epd,Other
Measles,Measles,DR Congo (Kasumbalesa),-12.1975,27.79778,60,2,Epd,Other
Measles,Measles,DR Congo (Faradje),3.73635,29.71365,210,3,Epd,Other
Measles,Measles,DR Congo (Likouala),2.04392,17.66889,,22,Epd,Other
Measles,Measles,DR Congo (Kasai Orientale),-6.34831,23.57285,5516,105,Epd,Other
Measles,Measles,DR Congo,-2.50409,20.61035,134042,,Epd,Other
Measles,Measles,DR Congo,-3.05,26.45,75,,Epd,Other
Measles,Measles,DR Congo (Tshuapa District),-0.55824,21.85686,100,11,Epd,Other
Measles,Measles,DR Congo (Orientale Province),1.64063,26.41939,356,4,Epd,Other
Measles,Measles,DR Congo (Bandundu Province),-7.68384,17.33777,12,,Clst,Other
Measles,Measles,DR Congo (Katanga),-8.88511,26.41939,3000,48,Epd,Other
Measles,Measles,DR Congo (Orientale Province),1.85,29.96667,500,9,Epd,Other
Polio,Polio,DR Congo,-4.038333,21.758664,63,,Epd,Other
Polio,Polio,DR Congo,-3.25021,24.47754,93,,Epd,Other
Polio,Polio (cVDPV2),DR Congo (Katanga),-4.12389,24.73992,17,,Clst,Other
Measles,Measles,Ecuador,-0.21217,-78.50538,64,,Epd,Other
Measles,Measles,Ecuador,-2.48213,-79.29932,2,,2nd,Other
Measles,Measles,Ecuador,-2.15281,-79.70581,1,,Isl,Other
Measles,Measles,Ecuador,-1.95748,-79.91927,5,,Clst,Other
Measles,Measles,Ecuador,-1.83124,-78.18341,26,,Clst,Other
Measles,Measles,Ecuador,-0.14648,-78.47519,203,,Epd,Other
Measles,Measles,Ecuador (Quito),-0.22315,-78.51268,3,,Clst,Other
Measles,Measles,Ecuador (Tungurahua),-1.26353,-78.56609,68,,Epd,Other
Mumps,Mumps,Egypt,26.82055,30.8025,107,,Epd,Other
Mumps,Mumps,Egypt (Cairo),30.04442,31.23571,12,,Epd,Other
Mumps,Mumps,Egypt (Fayoum),29.3084,30.84285,38,,Epd,Other
Mumps,Mumps,Egypt (Beni Suef),29.06613,31.09938,48,,Epd,Other
Mumps,Mumps,Egypt (Minya),28.25016,29.97405,95,,Epd,Other
Mumps,Mumps,Egypt (Giza Governorate),28.76662,29.23208,240,,Epd,Other
Mumps,Mumps,Egypt (Marashda),30.06601,31.22006,43,,Epd,Other
Measles,Measles,Equatorial Guinea,1.650801,10.267895,300,10,Epd,Other
Measles,Measles,Estonia,58.59527,25.01361,3,,,Other
Measles,Measles,Ethiopia,9.145,40.489673,3255,,Epd,Other
Measles,Measles,Ethiopia,10.145,41.489513,823,,Epd,Other
Measles,Measles,Ethiopia,9.23953,40.58229,8261,,Epd,Other
Measles,Measles,Ethiopia,9.19412,40.57191,4470,,Epd,Other
Measles,Measles,Ethiopia,9.145,41.486615,47,3,Epd,Other
Measles,Measles,Ethiopia,9.16591,40.51148,3100,,Epd,Other
Polio,Polio,Ethiopia,6.66123,43.79085,6,,Epd,Other
Other,Typhoid Fever,Fiji,-17.77484,177.83638,42,,Clst,Other
Rubella,Rubella,Fiji,-17.713371,178.9665012,3,,Clst,Other
Rubella,Rubella,Fiji,-16.7199,178.065032,28,,Clst,Other
Other,Typhoid Fever,Fiji,-17.713371,178.065032,20,,2nd,Other
Measles,Measles,Finland,61.92411,25.74815,5,,2nd,Other
Measles,Measles,France,44.59047,-0.21973,859,,Epd,Other
Measles,Measles,France,45.17429,6.03149,1,1,Isl,Other
Measles,Measles,France,46.227638,3.21453,14949,,Epd,Other
Measles,Measles,France,47.227638,3.9453631,464,6,Epd,Other
Measles,Measles,France,46.22764,2.21375,350,,Epd,Other
Measles,Measles,France (Mayotte),44.436078,-1.147844,3,,2nd,Other
Measles,Measles,France (Nimes),43.836699,4.360054,12,,Clst,Other
Measles,Measles,France (Rhone-Alpes region),45.16958,5.450282,2000,,Epd,Other
Measles,Measles,Georgia,43.40233,45.71875,2668,,Epd,Other
Measles,Measles,Germany,50.92554,10.76111,183,,Clst,Other
Measles,Measles,Germany,51.165691,10.451526,13,,2nd,Other
Measles,Measles,Germany (Bavaria),48.79045,11.49789,60,,Epd,Other
Measles,Measles,Germany (Berlin),52.51917,13.40609,323,,Epd,Other
Mumps,Mumps,Germany (Bavaria),48.790447,11.497889,115,,Epd,Other
Measles,Measles,Germany (Berlin),52.523405,13.4114,62,,Epd,Other
Measles,Measles,Germany (Hamburg),53.55108,9.99368,216,,Epd,Other
Measles,Measles,Germany(Frankfurt),50.111445,8.680615,45,,Epd,Other
Measles,Measles,Ghana,9.39398,-0.82372,3,,Clst,Other
Other,Meningitis,Ghana,7.946527,-1.023194,96,17,Epd,Other
Measles,Measles,Gibraltar,36.137741,-5.345374,250,,Epd,Other
Measles,Measles,Greece,39.074208,21.824312,126,,Epd,Other
Mumps,Mumps,Guam,13.444304,144.793731,142,,Epd,Other
Other,Rotavirus,Guatemala,15.783471,-90.230759,4336,,Epd,Other
Polio,Polio,Guinea,10.27709,-10.41504,3,,Clst,Other
Measles,Measles,Guinea,9.945587,-9.696645,1013,2,Epd,Other
Other,Diptheria,Haiti,18.971187,-72.285215,24,14,Clst,Other
Polio,Polio,India,20.593684,78.96288,5,,2nd,Other
Measles,Measles,India (Arunachal),27.25831,93.03759,30,,Clst,Other
Polio,Polio,India (Bengal),22.98676,87.85498,1,,Isl,Other
Measles,Measles,India (Bhopal),23.25993,77.41262,50,,Epd,Other
Other,Typhoid Fever,India (Haryana),29.058776,76.085601,43,,Epd,Other
Other,Diptheria,India (Haryana),29.06772,76.10916,14,5,Clst,Other
Measles,Measles,India (Hyderabad),17.385044,78.486671,345,,Epd,Other
Measles,Measles,India (Karnakata),15.317277,75.713888,1,1,Isl,Other
Measles,Measles,India (Kashmir),34.149088,76.825965,5,5,Clst,Other
Measles,Measles,India (Lucknow),26.846511,80.946683,3,1,2nd,Other
Measles,Measles,India,28.57552,77.24195,29339,,Epd,Other
Polio,Polio,India (Maharashtra),19.75148,75.71389,4,,Epd,Other
Whooping Cough,Whooping Cough,India (Rajasthan),27.023804,74.217933,5,1,Clst,Other
Measles,Measles,India (Rayagada),19.16667,83.41667,9,9,Clst,Other
Measles,Measles,India (Uttar Pradesh),27.570589,80.098187,5,2,Clst,Other
Measles,Measles,India (Odisha),19.31496,84.79409,20,1,Clst,Other
Polio,Polio,India(Uttar Pradesh),27.570589,80.098187,32,,Clst,Other
Rubella,Rubella,Indonesia,-0.78928,113.92133,3,,Clst,Other
Measles,Measles,Indonesia,-2.28455,120.27832,21893,,Epd,Other
Measles,Measles,Indonesia,-8.40952,115.18892,6300,,Epd,Other
Other,Typhoid Fever,Indonesia (Jakarta),-6.21154,106.84517,1,,Isl,Other
Measles,Measles,Ireland(Belfast),55.9845,-5.935594,60,,Epd,Other
Measles,Measles,Ireland (Belfast),53.581657,-5.935594,8,,2nd,Other
Measles,Measles,Ireland,53.34399,-6.30615,139,,Epd,Other
Measles,Measles,Ireland,53.41291,-8.24389,23,,Clst,Other
Measles,Measles,Ireland (West Cork),51.89787,-8.47109,64,,Clst,Other
Measles,Measles,Ireland (Belfast),54.57007,-5.95184,4,,Clst,Other
Measles,Measles,Ireland,53.41291,-8.24389,217,,Epd,Other
Mumps,Mumps,Israel,31.046051,34.851612,4185,,Epd,Other
Measles,Measles,Israel,31.44741,34.9585,12,,Clst,Other
Measles,Measles,Israel,31.04605,34.85161,96,,Epd,Other
Mumps,Mumps,Israel,31.99991,36.851612,105,,Epd,Other
Polio,Polio,Israel,31.24757,34.86119,7,,Clst,Other
Measles,Measles,Italy,41.87194,12.56738,5189,,Epd,Other
Measles,Measles,Italy,42.9725,12.40356,724,,Epd,Other
Rubella,Rubella,Japan,35.63944,136.53809,2353,,Epd,Other
Rubella,Rubella,Japan,37.99616,140.05371,10102,,Epd,Other
Rubella,Rubella,Japan (Tokyo),35.68853,139.21875,133,,Epd,Other
Measles,Measles,Japan,39.26628,140.93262,293,,Epd,Other
Measles,Measles,Jordan (Zaatari Refugee Camp),32.4186,38.31657,13,,Clst,Other
Polio,Polio,Kenya,-0.02356,37.90619,3,,Clst,Other
Polio,Polio,Kenya,-0.023559,37.01231,13,,Clst,Other
Polio,Polio,Kenya,0.05426,40.30837,14,,Clst,Other
Measles,Measles,Kenya,-0.05725,37.83897,1279,,Epd,Other
Measles,Measles,Kenya (Pokot),1.58887,35.285,500,3,Epd,Other
Measles,Measles,Kenya (Nandi),0.18359,35.12688,5,,Clst,Other
Measles,Measles,Kenya (Kimilili),0.78333,34.71667,20,3,Clst,Other
Measles,Measles,Kenya (Narok North),-1.08333,35.86667,346,,Epd,Other
Measles,Measles,Kenya,-0.0418,37.94291,1374,,Epd,Other
Measles,Measles,Liberia,6.428055,-9.429499,1341,34,Epd,Other
Measles,Measles,Losotho,-29.60999,28.23361,2857,,Epd,Other
Mumps,Mumps,Macedonia,41.608635,21.745275,16352,,Epd,Other
Measles,Measles,"Macedonia (Skopje, Kumanovo, & Strumica)",42.003812,21.452246,678,,Epd,Other
Measles,Measles,Malawi,-13.254308,34.301525,17496,82,epd,Other
Measles,Measles,Malawi,-13.254308,36.301525,77000,197,Epd,Other
Measles,Measles,Malawi,-13.28113,34.31228,533,,Clst,Other
Measles,Measles,Malawi,-13.22942,34.32369,19,,Clst,Other
Measles,Measles,Malaysia,4.21048,101.97577,332,,Clst,Other
Measles,Measles,Malaysia,4.21048,101.97577,56,,Clst,Other
Measles,Measles,Malaysia,4.21048,101.97577,74,,Clst,Other
Measles,Measles,Malaysia,4.21048,101.97577,1569,,Epd,Other
Measles,Measles,Malaysia,4.21048,101.97577,1223,,Epd,Other
Polio,Polio,Mali,19.14517,-1.05469,7,,Clst,Other
Measles,Measles,Mali,17.570692,-3.996166,1990,,Epd,Other
Measles,Measles,Mali,17.58193,-3.92495,3086,,Epd,Other
Measles,Measles,Mauritania,21.00789,-10.94084,863,9,Epd,Other
Measles,Measles,Mexico,23.634501,-3.92495,1,,Isl,Other
Measles,Measles,Mexico (Guanajuato),21.018111,-101.25832,1,,Isl,Other
Measles,Measles,Mexico (Tamaulipas),24.26694,-98.836275,2,,Clst,Other
Measles,Measles,Mozambique,-18.6657,35.52956,2318,,Epd,Other
Polio,Polio,Myanmar,21.913965,95.956223,1,,Isl,Other
Measles,Measles,Myanmar,23.16056,97.91016,40,,Epd,Other
Measles,Measles,Namibia (Oshakati),-17.7836,15.6994,30,,Clst,Other
Measles,Measles,Namibia (Ohangwena),-17.59793,16.81784,10,,Clst,Other
Measles,Measles,Namibia,-22.97238,18.55453,2242,,Epd,Other
Measles,Measles,Namibia,-22.95764,18.49041,2222,,Epd,Other
Measles,Measles,Nepal (Mahottari),26.876192,85.80766,400,,Epd,Other
Measles,Measles,Netherlands,51.49403,3.84968,2016,1,Epd,Other
Measles,Measles,Netherlands,52.13263,5.29127,2,,Clst,Other
Mumps,Mumps,Netherlands,52.132633,5.291266,172,,Epd,Other
Measles,Measles,Netherlands (Utrecht),52.090142,4.065843,34,,Clst,Other
Whooping Cough,Whooping Cough,New Zealand,-44.55916,170.2002,328,,Epd,Other
Measles,Measles,New Zealand,-43.42101,174.46338,45,,Epd,Other
Measles,Measles,New Zealand (Auckland),-36.87797,174.57962,75,,Epd,Other
Measles,Measles,New Zealand (Auckland),-36.90021,174.74828,24,,Clst,Other
Measles,Measles,New Zealand (Auckland),-36.86245,174.7439,34,,Clst,Other
Measles,Measles,New Zealand (Auckland),-36.84846,174.76333,2,,Clst,Other
Measles,Measles,New Zealand (Auckland),-38.84846,175.00654,1,,Isl,Other
Measles,Measles,New Zealand (Auckland),-36.84846,174.0132,3,,Clst,Other
Measles,Measles,New Zealand (Auckland),-36.11846,174.999,12,,2nd,Other
Measles,Measles,New Zealand (Auckland),-36.00846,175.01532,30,,Clst,Other
Measles,Measles,New Zealand (Auckland),-38.1589,176,48,,Epd,Other
Measles,Measles,New Zealand (Auckland),-39.9999,177,64,,Epd,Other
Measles,Measles,New Zealand (Auckland),-40.6655,175.555,104,,Epd,Other
Measles,Measles,New Zealand,-36.88801,174.72909,16,,Clst,Other
Rubella,Rubella,New Zealand (Auckland),-39.84846,174.652,2,,Clst,Other
Whooping Cough,Whooping Cough,New Zealand (Auckland),-36.84846,174.76333,274,,Epd,Other
Measles,Measles,New Zealand (Bay of Plenty),-38.09334,176.41873,10,,Clst,Other
Whooping Cough,Whooping Cough,New Zealand (Canterbury),-43.754227,171.163725,15,,2nd,Other
Measles,Measles,New Zealand (Hawkes Bay),-39.771162,177.04313,12,,2nd,Other
Whooping Cough,Whooping Cough,New Zealand (Nelson),-41.27063,173.28397,67,,Epd,Other
Rubella,Rubella,New Zealand (Northland),-35.579546,173.762405,1,,Isl,Other
Measles,Measles,New Zealand (Otago),-44.828,169.63453,2,,2nd,Other
Measles,Measles,New Zealand (Palmerston),-45.48489,170.71489,1,,Isl,Other
Measles,Measles,New Zealand (Porirua),-41.1339,174.8406,3,,Clst,Other
Measles,Measles,New Zealand (Southland),-45.84892,167.67554,1,,Isl,Other
Measles,Measles,New Zealand (Southland),-45.802,168.2309,3,,Clst,Other
Measles,Measles,New Zealand (Wellington),-41.28006,174.76913,3,,Clst,Other
Measles,Measles,New Zealand (Wellington),-41.28643,174.77624,4,,Clst,Other
Whooping Cough,Whooping Cough,Nicaragua (Jinotega),14.050776,-85.106437,70,4,Epd,Other
Measles,Measles,Niger,17.607789,8.081666,352,1,Epd,Other
Polio,Polio,Niger,18.22935,10.45898,5,,Clst,Other
Polio,Polio,Niger,18.81272,11.51367,1,,Isl,Other
Polio,Polio,Niger (Tahoua),14.9,5.26667,1,,Isl,Other
Measles,Measles,Niger (Niamey),13.512668,2.112516,1630,,Epd,Other
Measles,Measles,Nigeria,9.05582,8.62667,9415,,Epd,Other
Measles,Measles,Nigeria,9.04361,8.64967,4800,,Epd,Other
Measles,Measles,Nigeria,9.081999,6.665842,25,25,Clst,Other
Measles,Measles,Nigeria,9.081999,8.50001,4771,,Epd,Other
Measles,Measles,Nigeria,8.000042,5.675277,14028,26,Epd,Other
Measles,Measles,Nigeria (Bauchi State),10.637109,10.08073,2000,,Epd,Other
Measles,Measles,Nigeria (Yobe),12.187141,11.706829,3022,8,Epd,Other
Measles,Measles,Nigeria,9.6874,7.64648,18843,,Epd,Other
Measles,Measles,Nigeria,11.7383,6.02051,471,102,Epd,Other
Measles,Measles,Nigeria (Ambursa/Kardi),11.67812,4.06955,192,5,Epd,Other
Measles,Measles,Nigeria (Ambursa/Kardi),11.67812,4.06955,37,,Epd,Other
Measles,Measles,Nigeria (Kebbi),12.45519,4.19684,93,,Epd,Other
Measles,Measles,Nigeria (Kano),12,8.51667,8000,200,Epd,Other
Measles,Measles,Nigeria (Kaduna),10.51667,7.43333,500,,Epd,Other
Measles,Measles,Nigeria (Kaduna),10.51667,7.43333,1000,40,Epd,Other
Measles,Measles,Nigeria (Katsina),12.7368,7.1521,1260,,Epd,Other
Measles,Measles,Nigeria (Gombe),10.2824,11.17479,173,,Epd,Other
Measles,Measles,Nigeria (Northern),11.58767,8.41553,3588,36,Epd,Other
Measles,Measles,Nigeria,8.9719,4.57031,36428,198,Epd,Other
Polio,Polio,Nigeria,10.00243,8.99999,3,,2nd,Other
Polio,Polio,Nigeria,9.34067,8.25348,62,,Epd,Other
Polio,Polio,Nigeria,9.082,8.67528,1,,Isl,Other
Polio,Polio,Nigeria,10.51667,7.43333,121,,Epd,Other
Polio,Polio,Nigeria (Karaba),7.98688,10.9807,1,,Epd,Other
Polio,Polio,Nigeria (Katsina),12.99302,7.60616,34,,Epd,Other
Polio,Polio,Nigeria (Kano),12,8.51667,3,,Epd,Other
Polio,Polio,Nigeria (Kaduna),10.51667,7.43333,1,,Clst,Other
Polio,Polio,Nigeria (FCT),8.85568,7.17903,1,,Clst,Other
Polio,Polio,Nigeria (Taraba),7.98688,10.9807,1,,Clst,Other
Polio,Polio,Nigeria (Yobe),12.18714,11.70683,1,,Clst,Other
Polio,Polio,Nigeria,12.12052,13.17403,51,,Epd,Other
Other,Cerebrospinal Meningitis,Nigeria (Yobe),12.187141,11.706829,51,4,Epd,Other
Other,Cerebrospinal Meningitis,Nigeria (Yobe),9.187141,11.706829,322,22,Epd,Other
Measles,Measles,Norway,60.47202,8.46895,33,,Clst,Other
Polio,Polio,Pakistan,27.09825,66.18164,144,,Epd,Other
Polio,Polio,Pakistan (Khyber),25.67849,68.50236,2,,Clst,Other
Polio,Polio,Pakistan,27.09825,66.18164,198,,Epd,Other
Polio,Polio,Pakistan (Balochistan),28.49073,65.09578,73,,Epd,Other
Polio,Polio,Pakistan,28.53627,67.23633,58,,Epd,Other
Polio,Polio,Pakistan,28.61346,63.7207,85,,Epd,Other
Polio,sabin-like type 2 polio virus,Pakistan (Balochistan),28.49073,65.09578,11,,Clst,Other
Measles,Measles,Pakistan (Dadu),26.724409,67.769547,11,11,Epd,Other
Measles,Measles,Pakistan,30.375321,69.345116,11,1,Clst,Other
Measles,Measles,Pakistan,28.0332,64.73145,4386,,Epd,Other
Measles,Measles,Pakistan (Federally Administered Tribal Areas),32.667476,69.859741,5,5,Clst,Other
Measles,Measles,Pakistan (Kandhkot),28.24006,69.18523,45,45,Clst,Other
Measles,Measles,Pakistan (Kyber-Pakhtunkhwa),34.95262,72.33111,648,,Epd,Other
Measles,Measles,Pakistan (Sindh),25.81473,68.57666,20,20,Epd,Other
Measles,Measles,Pakistan (Sindh),25.8943,68.52471,43,,Clst,Other
Measles,Measles,Pakistan (Sindh),25.82462,67.8186,246,246,Epd,Other
Measles,Measles,Pakistan (Sindh),25.2745,67.56592,2475,,Epd,Other
Measles,Measles,Pakistan (Sindh),25.8943,68.52471,737,27,Epd,Other
Measles,Measles,Pakistan (Punjab),31.17041,72.70972,582,,Epd,Other
Measles,Measles,Pakistan (Balochistan),28.49073,65.09578,102,,Epd,Other
Measles,Measles,Pakistan (Federally Administered Tribal Areas),32.66748,69.85974,49,,Epd,Other
Measles,Measles,Pakistan (Islamabad),33.71815,73.06055,14,,Epd,Other
Measles,Measles,Pakistan (North Waziristan),32.32024,70.27506,70,13,Epd,Other
Measles,Measles,Pakistan (Mansehra),34.33333,73.2,unknown,2,Clst,Other
Measles,Measles,Pakistan (South Waziristan),32.98374,70.29053,5,5,Clst,Other
Measles,Measles,Pakistan (Kalam),35.47824,72.5885,100,,Epd,Other
Measles,Measles,Pakistan (North Waziristan),32.66748,67.8721,25,2,Epd,Other
Measles,Measles,Pakistan (Charsadda),34.21722,71.55556,unknown,3,Clst,Other
Measles,Measles,Pakistan (Rawalpindi),33.6058,73.04375,23,,Clst,Other
Measles,Measles,Pakistan (Multan),30.19019,71.45802,40,,Clst,Other
Measles,Measles,Pakistan (Gujranwala),32.15,74.18333,6,,Clst,Other
Measles,Measles,Pakistan,27.91677,67.0166,25401,146,Epd,Other
Measles,Measles,Pakistan (Multan),30.2389,71.48666,5,,Clst,Other
Measles,Measles,Pakistan (Islamabad),33.63663,73.06732,59,,Clst,Other
Measles,Measles,Pakistan (Punjab),31.17041,72.70972,146,146,Clst,Other
Measles,Measles,Panama,8.537981,-80.782127,3,,2nd,Other
Measles,Measles,Papua New Guinea,-6.31499,143.95555,2,,Isl,Other
Measles,Measles,Philippines,12.87972,121.77402,874,,Epd,Other
Measles,Measles,Philippines,12.87972,121.77402,1485,,Epd,Other
Measles,Measles,Philippines,12.87972,121.77402,672,,Epd,Other
Measles,Measles,Philippines,14.879721,121.774017,2000,5,Epd,Other
Measles,Measles,Philippines,13.546421,121.774017,1794,,Epd,Other
Measles,Measles,Philippines,12.879721,121.774017,669,,Epd,Other
Measles,Measles,Philippines,14.60905,121.02226,1724,75,Epd,Other
Other,Typhoid Fever,Philippines (Cebu Province),10.3157,123.88544,999,4,Epd,Other
Measles,Measles,Philippines (Western Visayas),10.64074,122.96896,51,,Epd,Other
Measles,Measles,Philippines (Central Visayas),9.944251,123.617577,7,,Clst,Other
Measles,Measles,Philippines (Cordillera Administrative Region),17.437496,121.07937,95,,Epd,Other
Measles,Measles,Philippines (Kalibo),11.70611,122.36444,15,,Clst,Other
Measles,Measles,Philippines (Cordillera Administrative Region),16.437496,121.07937,476,,Epd,Other
Measles,Measles,Philippines (Davao City),7.064444,125.607778,30,3,2nd,Other
Measles,Measles,Philippines (Lloiloa),10.74697,122.49756,2,,Clst,Other
Measles,Measles,Phillipines (Metro Minila),14.60905,121.02226,15,,Clst,Other
Measles,Measles,Phillipines,13.71004,122.31079,6538,,Epd,Other
Measles,Measles,Poland,51.919438,19.145136,214,,Epd,Other
Measles,Measles,Poland,52.22968,21.01223,49,,Clst,Other
Rubella,Rubella,Poland,52.50953,16.12793,5403,,Epd,Other
Rubella,Rubella,Poland,53.35931,20.41955,39122,,Epd,Other
Measles,Measles,Portugal,39.399872,-8.224454,1,,Isl,Other
Polio,Polio,Republic of Congo,-0.228021,15.827659,120,58,Epd,Other
Polio,Polio,Republic of Congo,-0.228021,15.827659,184,85,Epd,Other
Measles,Measles,Republic of Congo,-4.26667,15.28333,900,,Epd,Other
Measles,Measles,Romania,45.94316,24.96676,4189,,Epd,Other
Measles,Measles,Romania,45.70618,26.08154,4154,,Epd,Other
Rubella,Rubella,Romania (Salaj),47.20908,23.21219,1840,,Epd,Other
Rubella,Rubella,Romania,46.87521,25.75195,24272,,Epd,Other
Polio,Polio,Russia,61.52401,105.318756,7,,2nd,Other
Measles,Measles,Russia,48.7,44.51667,100,1,Epd,Other
Measles,Measles,Russia (Amur),54.603507,127.480172,55,,Epd,Other
Measles,Measles,Russia (Adygea),44.82292,40.17545,11,,Isl,Other
Measles,Measles,Russia (Astrakhan),46.354889,48.052719,17,,Clst,Other
Measles,Measles ,Russia (Astrakhan),46.36667,48.08333,148,,Epd,Other
Measles,Measles,Russia (Chechnya),43.40233,45.71875,25,,Clst,Other
Measles,Measles,Russia (Chelyabinsk),55.17453,61.42668,38,,Clst,Other
Measles,Measles,Russia (Izhevsk),56.83333,53.18333,6,,Clst,Other
Measles,Measles,Russia (Dagestan),42.14319,47.09498,120,,Clst,Other
Measles,Measles,Russia (Zeelenograd),55.98644,37.20211,20,,Clst,Other
Measles,Measles,Russia (Moscow),55.75124,37.61842,136,,Epd,Other
Measles,Measles,Russia (Smolensk),54.78333,32.05,3,,Clst,Other
Measles,Measles,Russia (Izhevsk),56.82418,53.19432,12,,2nd,Other
Other,Meningitis,Russia (Kaliningrad),54.7,20.5,10,,Clst,Other
Measles,Measles,Russia (Krasnoyarsk),56.001251,92.88559,9,,Clst,Other
Measles,Measles,Russia (Krasnoyarsk),56.001251,92.88559,4,,2nd,Other
Other,Streptococcus suis,Russia (Moscow),55.755786,37.617633,930,,Epd,Other
Measles,Measles,Russia (Murmansk),68.99307,33.11845,2,,Clst,Other
Measles,Measles,Russia (Rostov),57.18333,39.41667,21,,Clst,Other
Other,Chicken Pox,Russia (Ryazan),54.62466,39.738571,2304,,Epd,Other
Measles,Measles,Russia (Rybinsk),58.05,38.83333,9,,Clst,Other
Measles,Measles,Russia (St. Petersburg,60.07624,30.12138,31,,Clst,Other
Measles,Measles,Russia (Stavropol),45.05,41.96667,27,,Clst,Other
Measles,Measles,Russia (Tatarstan),55.18024,50.72639,720,,Epd,Other
Measles,Measles,Russia (Voronezh),51.65,39.2,5,,Clst,Other
Measles,Measles,Rwanda (Nyarurguru ),-2.662764,29.464359,2,,Clst,Other
Other,Typhoid Fever,Samoa,-13.91341,-171.73494,10,,Clst,Other
Measles,Measles,Senegal,13.98738,-12.86499,560,,Epd,Other
Measles,Measles,Senegal,14.4974,-14.45236,1429,,Epd,Other
Polio,Polio,Senegal,15.497401,-14.452362,18,,Clst,Other
Measles,Measles,Serbia,44.016521,21.005859,300,,Epd,Other
Mumps,Mumps,Serbia,45.26223,19.85186,119,,Epd,Other
Other,Cholera,Sierra Leone,8.84165,-11.72241,10800,176,Epd,Other
Measles,Measles,Sierra Leone,8.460555,-11.779889,351,1,Epd,Other
Measles,Measles,Singapore,1.35208,103.81984,18,,Clst,Other
Measles,Measles,Singapore,1.35208,103.81984,16,,Clst,Other
Measles,Measles,Singapore,1.35208,103.81984,54,,Clst,Other
Measles,Measles,Singapore,1.35208,103.81984,143,,Clst,Other
Measles,Measles,Singapore,1.35208,103.81984,21,,Clst,Other
Measles,Measles,Slovenia,46.151241,14.995463,3,,2nd,Other
Rubella,Rubella,Solomon Islands,-9.64571,160.15619,6,,Clst,Other
Measles,Measles,Somalia (Somaliland),9.98699,45.29939,52,,Clst,Other
Measles,Measles,Somalia,5.15215,46.19962,4288,,Epd,Other
Measles,Measles,Somalia,5.152149,46.199616,17298,,Epd,Other
Measles,Measles,Somalia (Leego),2.716667,44.516667,30,19,Epd,Other
Measles,Measles,Somalia (South),5.152149,46.199616,4,4,Clst,Other
Polio,Polio,Somalia,2.03333,45.35,183,,Epd,Other
Measles,Measles,South Africa,-31.559482,22.937506,4806,,Epd,Other
Measles,Measles,South Africa,-30.50977,23.00168,24393,,Epd,Other
Measles,Measles,South Africa,-32.84267,26.19141,2510,,Epd,Other
Measles,Measles,South Africa,-30.55058,23.01833,36,,Clst,Other
Measles,Measles,South Africa (Gauteng),-26.270759,28.112268,1034,,Epd,Other
Measles,Measles,South Africa (Gauteng),-32.270759,28.112268,5,,Clst,Other
Measles,Measles,South Africa (Johannesburg),-29.204103,28.047305,48,,Epd,Other
Measles,Measles,South Africa (Pretoria),-30.73134,28.21837,97,,Epd,Other
Measles,Measles,Sudan (North Darfur),15.7661969,24.9042208,77,,Epd,Other
Measles,Measles,Sudan,17.30869,29.9707,5616,,Epd,Other
Measles,Measles,Sudan (East Darfur),14.37827,24.90422,2,2,Clst,Other
Whooping Cough,Whooping Cough,Sudan (North Darfur),15.7662,24.90422,58,2,Epd,Other
Measles,Measles,South Sudan (Unity State),8.927721,29.788925,91,4,Epd,Other
Polio,Polio,South Sudan,8.53604,26.79678,3,,Isl,Other
Measles,Measles,Spain,40.463667,-3.74922,65,,Epd,Other
Measles,Measles,Spain (Granada),37.9976487,-3.597929,20,,2nd,Other
Measles,Measles,Spain (Granada),37.176487,-3.597929,46,,Epd,Other
Measles,Measles,Spain (Andalusia),37.544271,-4.727753,1759,,Epd,Other
Measles,Measles,Spain (Seville),37.998264,-5.996295,785,,Epd,Other
Measles,Measles,Spain (Aragon),41.597628,-0.905662,20,,Clst,Other
Measles,Measles,Spain (Seville),37.38264,-5.426295,77,,Epd,Other
Measles,Measles,Spain (Asturias),43.250439,-5.983258,4,,Clst,Other
Measles,Measles,Spain (Canary Islands),28.291564,-16.62913,25,,2nd,Other
Measles,Measles,Spain (Alicante),38.34521,-0.48099,21,,Epd,Other
Measles,Measles,Spain (Valencia),39.47024,-0.3768,51,,Epd,Other
Measles,Measles,Spain (Galicia),42.57506,-8.13386,7,,Clst,Other
Measles,Measles,Spain,42.19597,-4.83398,3802,,Epd,Other
Measles,Measles,Spain,37.85751,-2.8125,735,,Epd,Other
Measles,Measles,Spain (Alicante),38.48584,-0.57129,178,,Epd,Other
Measles,Measles,Spain (Mallorca),39.69526,3.01757,12,,Clst,Other
Mumps,Mumps,Spain (Girona),41.9818,2.8237,148,,Epd,Other
Mumps,Mumps,Spain (Aviles),43.55571,-5.92764,131,,Epd,Other
Mumps,Mumps,Spain (Asturias),43.18665,-5.91408,150,,Epd,Other
Mumps,Mumps,Spain (Galicia),42.49235,-8.37158,193,,Epd,Other
Rubella,Rubella,Spain (Aragon),41.04894,-0.13063,17,,Clst,Other
Rubella,Rubella,Spain,41.37681,-4.57031,58,,Clst,Other
Measles,Measles,Sudan,18.92283,32.13828,37,,Clst,Other
Measles,Measles,Sudan (Darfur),12.0558,24.89041,unknown,4,Clst,Other
Measles,Measles,Swaziland,-26.522503,31.465866,281,,Epd,Other
Measles,Measles,Sweden,60.12816,18.6435,32,,Clst,Other
Measles,Measles,Sweden,59.26869,18.01208,10,,Clst,Other
Rubella,Rubella,Sweden,60.41385,15.0293,51,,Clst,Other
Measles,Measles,Switzerland,46.818188,8.227512,515,,Epd,Other
Measles,Measles,Switzerland,46.818188,8.9927512,337,,Epd,Other
Measles,Measles,Switzerland (Geneva),46.598392,6.542296,41,,Epd,Other
Measles,Measles,Switzerland (Geneva),46.198392,6.342296,80,,Epd,Other
Measles,Measles,Switzerland (Vaud),46.991313,7.536765,58,,Epd,Other
Measles,Measles,Switzerland(Vaud),46.561313,6.536765,22,,Clst,Other
Measles,Measles,Syria (Idlib),35.82688,36.69572,7000,,Epd,Other
Polio,Polio,Syria,35.33333,40.15,17,,Epd,Other
Measles,Measles,Taiwan,23.69781,120.960515,12,,Clst,Other
Rubella,Rubella,Taiwan,23.009781,120.960515,1,,Isl,Other
Measles,Measles,Taiwan (Taipei),25.091075,121.559834,3,,2nd,Other
Measles,Measles,Taiwan,24.55712,121.55273,1,,Isl,Other
Measles,Measles,Taiwan,23.69781,120.96052,2,,Isl,Other
Polio,Polio,Tajikistan,38.861034,71.276093,430,19,Epd,Other
Measles,Measles,Tanzania,-6.36903,34.88882,70,,Epd,Other
Measles,Measles,Tanzania,-6.369028,33.5646,650,20,Epd,Other
Measles,Measles,Tanzania,-7.85794,34.64539,1086,,Epd,Other
Measles,Measles,Togo,8.619543,0.824782,295,,Epd,Other
Measles,Measles,Turkey (Istanbul),41.00527,28.97696,80,,Epd,Other
Measles,Measles,Turkey,39.92077,32.85411,6983,,Epd,Other
Whooping Cough,Whooping Cough,U.K. (England and Wales),52.13066,-3.78371,2466,5,Epd,Other
Whooping Cough,Whooping Cough,U.K.,54.80068,-2.0874,1080,,Epd,Other
Other,Diptheria,U.K. (England),52.019029,-0.770427,3,,2nd,Other
Rubella,Rubella,U.K. (Hampshire),51.08952,-1.21684,14,,Clst,Other
Rubella,Rubella,U.K.,53.09402,-1.58203,65,,Clst,Other
Mumps,Mumps,U.K. (Gloucestershire),51.746774,-2.225786,10,,Clst,Other
Mumps,Mumps,U.K. (Anglesey),53.26928,-4.321285,23,,Clst,Other
Mumps,Mumps,U.K. (Plymouth),50.370381,-4.142653,46,,Epd,Other
Mumps,Mumps,U.K. (Portsmouth),50.798914,-1.091163,66,,Epd,Other
Mumps,Mumps,U.K. (North Wales),52.469978,-3.830377,26,,Clst,Other
Mumps,Mumps,U.K. (Scotland),56.490671,-4.202646,9,,Clst,Other
Mumps,Mumps,U.K. (Cumbria),54.577232,-2.797483,12,,Clst,Other
Mumps,Mumps,U.K. (Sussex),50.942297,-0.037438,112,,Epd,Other
Mumps,Mumps,U.K. (Lincolnshire),53.217882,-0.19997,43,,Epd,Other
Mumps,Mumps,U.K. (Bedfordshire),52.063422,-0.449777,61,,Epd,Other
Mumps,Mumps,"U.K. (Oban, Scotland)",56.41041,-5.469723,119,,Epd,Other
Mumps,Mumps,U.K. (Lancashire),53.969009,-2.627691,47,,Epd,Other
Mumps,Mumps,U.K. (Mancester),53.480713,-2.234377,35,,Clst,Other
Mumps,Mumps,U.K. (Kent),51.260145,0.55528,10,,Clst,Other
Mumps,Mumps,U.K. (London),51.500152,-0.126236,4,,2nd,Other
Mumps,Mumps,"U.K. (Glasgow, Scotland)",55.86424,-4.25181,30,,Clst,Other
Mumps,Mumps,U.K. (Isle of Man),54.23611,-4.54806,196,,Epd,Other
Mumps,Mumps,U.K. (Oxford),51.75202,-1.25773,3,,Isl,Other
Measles,Measles,U.K.,55.378051,-3.435973,1049,,Epd,Other
Measles,Measles,U.K. (Cheshire),53.238342,-2.563342,22,,Clst,Other
Measles,Measles,U.K. (Warwickshire),52.267135,-1.467522,12,,Clst,Other
Measles,Measles,U.K. (Wales),52.469978,-3.830377,207,,Epd,Other
Measles,Measles,U.K. (Northumberland),55.208254,-2.078414,110,,Epd,Other
Measles,Measles,U.K. (England and Wales),50.63185,-3.38242,33,,Clst,Other
Measles,Measles,"U.K. (London, Barnet)",51.652929,-0.199606,8,,Clst,Other
Measles,Measles,U.K. (Leeds),53.799639,-1.549122,15,,Clst,Other
Measles,Measles,U.K. (Kent),51.260145,0.84428,19,,2nd,Other
Measles,Measles,U.K. (England and Wales),50.63185,-3.38242,275,,Epd,Other
Measles,Measles,U.K. (Brighton & Hove),50.819522,-0.13642,4,,Clst,Other
Measles,Measles,U.K. (Portsmouth),50.798914,-1.091163,1,,Isl,Other
Measles,Measles,U.K. (Warwick),52.281943,-1.584471,3,,2nd,Other
Measles,Measles,U.K. (Cheshire),53.238342,-2.999342,2,,2nd,Other
Measles,Measles,U.K. (Merseyside),53.473517,-2.913271,2,,2nd,Other
Measles,Measles,U.K.,52.119508,5.194365,275,,Epd,Other
Measles,Measles,"U.K. (West Midlands, Coventry)",52.405837,-1.512661,3,,Clst,Other
Measles,Measles,"U.K. (West Midlands, Warwickshire)",52.377566,-1.481544,9,,Clst,Other
Measles,Measles,U.K. (Scotland),56.490671,-4.202646,22,,Clst,Other
Measles,Measles,U.K. (Bristol),51.45451,-2.58791,3,,Clst,Other
Measles,Measles,U.K. (North Wales),52.94084,-4.17169,53,,Epd,Other
Measles,Measles,U.K. (London),51.50813,-0.12801,36,,Epd,Other
Measles,Measles,U.K. (Kent),51.25934,0.82672,21,,Clst,Other
Measles,Measles,U.K. (Merseyside),53.41154,-2.99012,413,,Epd,Other
Measles,Measles,U.K. (Manchester),53.47216,-2.2534,98,,Epd,Other
Measles,Measles,U.K. (Moses Gate),53.5572,-2.40255,3,,Clst,Other
Measles,Measles,U.K. (Sussex),50.92062,0.28831,325,,Epd,Other
Measles,Measles,"U.K. (Lanarkshire, Scotland)",55.58333,-3.83333,9,,Clst,Other
Measles,Measles,U.K. (Cumbria),54.61045,-2.80289,30,,Epd,Other
Measles,Measles,"U.K. (Wales, Swansea Bay)",51.65849,-3.97441,1219,1,Epd,Other
Measles,Measles,"U.K. (England, Bolton)",53.58444,-2.42862,31,,Epd,Other
Measles,Measles,"U.K. (England, Lancashire)",53.96901,-2.62769,59,,Epd,Other
Measles,Measles,U.K.,55.36409,-3.44842,2016,,Epd,Other
Measles,Measles,U.K. (Gloucestershire),51.74677,-2.22579,62,,Clst,Other
Measles,Measles,U.K. (North-East England),54.68364,-1.82018,434,,Epd,Other
Measles,Measles,U.K. (Wales),52.13066,-3.78371,1257,1,Epd,Other
Measles,Measles,U.K. (Wales),51.66517,-3.77165,36,,Epd,Other
Measles,Measles,U.K. (Middlesbrough),54.5503,-1.21659,2,,Isl,Other
Measles,Measles,U.K. (Lancashire),54.06276,-2.87189,75,,Epd,Other
Measles,Measles,U.K. (Gloucestershire),51.74677,-2.22579,62,,Epd,Other
Measles,Measles,U.K. (South Tyneside),54.98642,-1.41899,19,,Epd,Other
Measles,Measles,U.K. (Powys),52.14309,-3.37368,41,,Epd,Other
Measles,Measles,U.K. (Sussex),50.89362,-0.20681,2,,Clst,Other
Measles,Measles,U.K. (Scotland),56.23114,-4.46045,66,,Epd,Other
Measles,Measles,U.K. (Scotland),56.20821,-3.14952,19,,Clst,Other
Measles,Measles,U.K. (London),51.51121,-0.11982,103,,Epd,Other
Measles,Measles,U.K. (London),51.51121,-0.11982,62,,Clst,Other
Measles,Measles,U.K. (Durham),54.77525,-1.58485,1,,Isl,Other
Measles,Measles,U.K. (England),52.35552,-1.17432,1385,,Epd,Other
Measles,Measles,U.K. (Manchester),53.47932,-2.24849,36,,Clst,Other
Measles,Measles,U.K. (Sheffield),53.38113,-1.47009,12,,Clst,Other
Measles,Measles,U.S.,40.714353,-74.005973,2,,2nd,Other
Measles,Measles,U.S.,37.09024,-95.712891,98,,Epd,Other
Measles,Measles,U.S. (Arizona),34.04893,-111.09373,1,,Isl,Other
Whooping Cough,Whooping Cough,U.S. (Arizona),33.44838,-112.07404,1,1,Isl,Other
Measles,Measles,U.S. (Arkansas),35.20523,-91.82562,2,,Clst,Other
Measles,Measles,U.S. (California),36.778261,-119.417932,28,,Isl,Other
Measles,Measles,"U.S. (California, San Luis Obispo County)",35.31023,-120.435763,1,,2nd,Other
Measles,Measles,"U.S. (California, Medocino County Coast)",38.760047,-123.518846,3,,2nd,Other
Measles,Measles,U.S. (California),36.778261,-119.417932,16,,2nd,Other
Measles,Measles,U.S. (California),34.17053,-118.53234,2,,Clst,Other
Measles,Measles,U.S. (California),37.05134,-122.0733,2,,Clst,Other
Measles,Measles,"U.S. (California, Kern County)",35.49373,-118.85968,1,,Isl,Other
Measles,Measles,U.S. (New Jersey),40.56811,-74.59502,1,,Isl,Other
Measles,Measles,U.S.,38.75408,-96.06445,175,,Clst,Other
Mumps,Mumps,U.S. (California),36.778261,-119.7932,9,,Clst,Other
Mumps,Mumps,U.S. (California),37.87533,-122.24556,29,,Clst,Other
Whooping Cough,Whooping Cough,U.S. (California),36.778261,-119.417932,1496,,Epd,Other
Whooping Cough,Whooping Cough,U.S. (California),36.888261,-119.417932,5270,9,Epd,Other
Whooping Cough,Whooping Cough,U.S. (California),36.99954,-119.417932,1,1,Isl (part of a larger epidemic),Other
Whooping Cough,Whooping Cough,U.S. (California),36.778261,-119.417932,5,5,Clst,Other
Whooping Cough,Whooping cough,U.S. (California),34.2642,-119.417932,4100,9,Epd,Other
Other,Typhoid,U.S. (California),37.76922,-122.44814,1,,Isl,Other
Other,Meningitis,U.S. (Colorado),39.550051,-105.782067,5,2,2nd,Other
Whooping Cough,Whooping Cough,U.S. (Colorado),40.01499,-105.27055,37,,Clst,Other
Whooping Cough,Whooping Cough,U.S. (Colorado),39.64026,-106.3742,1510,,Epd,Other
Whooping Cough,Whooping Cough,"U.S. (Colorado, Phillips County)",40.53713,-102.34639,14,,Clst,Other
Measles,Measles,U.S. (Colorado),39.52806,-104.86972,2,,Clst,Other
Measles,Measles,U.S. (Delaware),39.29067,-75.63437,1,,Isl,Other
Measles,Measles,U.S. (Florida),27.664827,-81.015754,1,,Isl,Other
Measles,Measles,U.S. (Florida),28.4845,-81.25188,4,,Epd,Other
Measles,Measles,"U.S. (Seminole County, Florida)",28.71317,-81.20782,2,,Isl,Other
Measles,Measles,U.S. (South Florida),26.1901,-80.36586,1,,Isl,Other
Measles,Measles,U.S. (Florida),28.53834,-81.37924,1,,Isl,Other
Whooping Cough,Whooping Cough,U.S. (Florida),26.1901,-80.36586,4,,Clst,Other
Whooping Cough,Whooping Cough,"U.S. (Florida, Hillsborough County)",27.99036,-82.30177,40,,Epd,Other
Other,Chicken Pox,U.S. (Florida),27.664827,-81.515754,41,,Epd,Other
Whooping Cough,Whooping Cough,U.S. (Georgia),32.157435,-82.907123,247,,Epd,Other
Measles,Measles,U.S. (Guam),36.90194,-89.82361,1,,Isl,Other
Whooping Cough,Whooping Cough,U.S. (Idaho),44.068202,-114.742041,77,,Epd,Other
Whooping Cough,Whooping Cough,U.S. (Idaho),42.58364,-112.14302,1,1,Isl,Other
Whooping Cough,Whooping Cough,U.S. (Illinois),42.304,-88.4016,313,,Epd,Other
Whooping Cough,Whooping Cough,U.S. (Illinois),38.90414,-89.92532,19,,Clst,Other
Measles,Measles,U.S. (Indiana),40.55122,-85.0236,5,,2nd,Other
Measles,Measles,U.S. (Indiana),40.551217,-85.602364,14,,Clst,Other
Measles,Measles,U.S. (Indiana),40.01062,-86.49965,16,,Clst,Other
Measles,Measles,U.S. (Indiana),39.1763,-86.53437,1,,Isl,Other
Measles,Measles,U.S. (Indiana),39.18514,-86.49965,1,,Isl,Other
Whooping Cough,Whooping Cough,U.S. (Indiana),40.551217,-85.602364,500,2,Epd,Other
Other,Chicken Pox,U.S. (Indiana),39.41654,-87.42075,100,,Epd,Other
Measles,Measles,U.S. (Iowa),41.878003,-93.097702,1,,Isl,Other
Measles,Measles,U.S. (Iowa),41.878003,-93.097702,1,,Isl,Other
Whooping Cough,Whooping Cough,U.S. (Iowa),41.88618,-93.11531,270,,Epd,Other
Measles,Measles,"U.S. (Kansas, Finney County)",37.97169,-100.87266,6,,Clst,Other
Measles,Measles,"U.S. (Kansas, Johnson County)",38.845412,-94.852064,2,,2nd,Other
Whooping Cough,Whooping Cough,U.S. (Kansas),38.97167,-95.23525,6,,Clst,Other
Whooping Cough,Whooping Cough,"U.S. (Kansas, Johnson County)",38.84541,-94.85206,491,,Epd,Other
Whooping Cough,Whooping Cough,U.S. (Maine),44.76504,-69.71938,80,,Epd,Other
Measles,Measles,U.S. (Maine),45.253783,-69.445469,1,,Isl,Other
Measles,Measles,U.S. (Maryland),39.045755,-76.641271,4,,2nd,Other
Measles,Measles,U.S. (Maryland),39.04575,-76.64127,2,,2nd,Other
Whooping Cough,Whooping Cough,U.S. (Maryland),39.03665,-76.64612,133,,Epd,Other
Mumps,Mumps,U.S. (Maryland),39.34624,-76.61818,12,,Clst,Other
Measles,Measles,U.S. (Massachusetts),42.407211,-71.3002437,10,,Clst,Other
Measles,Measles,U.S. (Massachusetts),42.407211,-71.382437,2,,Clst,Other
Mumps,Mumps,"U.S. (Boston, Massachusetts)",42.358431,-71.059773,9,,2nd,Other
Mumps,Mumps,U.S. (Massachusetts),42.407211,-71.382437,3,,2nd,Other
Whooping Cough,Whooping Cough,"U.S. (Northampton, Massachusetts",42.32509,-72.6412,52,,Clst,Other
Measles,Measles,U.S. (Michigan),44.314844,-85.602364,1,,Isl,Other
Measles,Measles,U.S. (Michigan),42.59219,-83.33619,1,,Isl,Other
Measles,Measles,U.S. (Michigan),44.26413,-85.63602,2,,Isl,Other
Other,Tetanus,U.S. (Michigan),44.314844,-85.602364,3,,2nd,Other
Whooping Cough,Whooping Cough,U.S. (Michigan),44.314844,-85.602364,600,,Epd,Other
Whooping Cough,Whooping Cough,"U.S. (Minnesota, Wright County)",45.15382,-94.6859,46,,Epd,Other
Whooping Cough,Whooping Cough,"U.S. (Minnesota, Isanti County)",45.63014,-94.01909,14,,Clst,Other
Whooping Cough,Whooping Cough,"U.S. (Minnesota, Olmsted County)",43.99518,-92.38136,98,,Epd,Other
Whooping Cough,Whooping Cough,U.S. (Minnesota),45.02089,-93.50946,654,,Epd,Other
Whooping Cough,Whooping Cough,U.S. (Minnesota),45.02089,-93.50946,4433,,Epd,Other
Measles,Measles,"U.S. (Minneapolis, Minnesota)",44.979965,-93.263836,21,,2nd,Other
Measles,Measles,U.S. (Minnesota),46.72955,-94.6859,21,,Clst,Other
Whooping Cough,Whooping Cough,U.S. (Missouri),37.20896,-93.2923,4,,Clst,Other
Whooping Cough,Whooping Cough,"U.S. (Montana, Flathead County)",48.42415,-114.15315,36,,Clst,Other
Whooping Cough,Whooping Cough,U.S. (Montana),46.55886,-112.5,355,,Epd,Other
Whooping Cough,Whooping Cough,U.S. (Montana),45.78566,-108.43438,6,,Clst,Other
Whooping Cough,Whooping Cough,U.S. (Montana),48.42415,-114.15315,225,,Epd,Other
Mumps,Mumps,"U.S. (Nebraska, Iowa)",42.499198,-98.374572,20,,Clst,Other
Whooping Cough,Whooping Cough,"U.S. (Nevada, Clark County)",36.07956,-115.09405,22,,Clst,Other
Measles,Measles,U.S. (New Jersey),40.058324,-74.405661,4,,2nd,Other
Measles,Measles,U.S. (New Jersey),40.57427,-74.60988,3,,Clst,Other
Measles,Measles,U.S. (New Jersey),40.21705,-74.74294,1,,Isl,Other
Mumps,Mumps,U.S. (New Jersey),40.25895,-74.124,1,,Isl,Other
Whooping Cough,Whooping Cough,U.S. (New Jersey),40.08213,-74.2097,14,,Clst,Other
Mumps,Mumps,U.S. (New Jersey),40.08213,-74.2097,unknown,,Clst,Other
Measles,Measles,U.S. (New Mexico),34.97273,-105.032364,1,,Isl,Other
Whooping Cough,Whooping Cough,U.S. (New Mexico),34.51994,-105.87009,112,1,Epd,Other
Whooping Cough,Whooping Cough,U.S. (New Mexico),35.1107,-106.60999,331,,Epd,Other
Measles,Measles,U.S. (New Mexico),34.52452,-105.87962,1,,Isl,Other
Whooping Cough,Whooping Cough,"U.S. (New York, Niagara County)",43.31195,-78.74762,15,,Clst,Other
Whooping Cough,Whooping Cough,U.S. (New York),40.84288,-73.29289,1288,,Epd,Other
Measles,Measles,U.S. (New York),40.714353,-74.005973,11,,Clst,Other
Measles,Measles,U.S. (New York),40.714353,-73.995973,2,,Clst,Other
Measles,Measles,U.S. (New York),40.714353,-74.025973,1,,Isl,Other
Measles,Measles,U.S. (New York),40.714353,-74.15973,1,,Isl,Other
Measles,Measles,U.S. (New York),40.714353,-73.005973,1,,Isl,Other
Measles,Measles,"U.S. (New York, Brooklyn)",40.65,-73.95,6,,2nd,Other
Measles,Measles,"U.S. (New York, Ulster County)",41.86438,-74.32843,1,,Isl,Other
Measles,Measles,"U.S. (New York, Brooklyn)",40.70645,-73.95362,58,,Clst,Other
Mumps,Mumps,U.S. (New York),40.714353,-74.1505973,57,,Epd,Other
Whooping Cough,Whooping Cough,U.S. (North Carolina),36.01174,-79.42538,82,,Epd,Other
Whooping Cough,Whooping Cough,U.S. (North Carolina),35.77959,-78.63818,326,,Epd,Other
Mumps,Mumps,U.S. (North Carolina),35.759573,-79.0193,1,,Isl,Other
Measles,Measles,U.S. (North Carolina),36.0263,-79.10969,23,,Clst,Other
Measles,Measles,U.S. (North Carolina),35.76978,-78.9941,3,,Isl,Other
Whooping Cough,Whooping Cough,U.S. (North Dakota),47.55149,-101.00201,30,,Clst,Other
Whooping Cough,Whooping Cough,U.S. (North Dakota),47.55149,-101.00201,58,,Clst,Other
Whooping Cough,Whooping Cough,U.S. (North Dakota),47.55149,-101.00201,70,,Epd,Other
Whooping Cough,Whooping Cough,U.S. (North Dakota),47.55149,-101.00201,179,,Epd,Other
Whooping Cough,Whooping Cough,U.S. (Ohio),40.417287,-82.907123,36,,Clst,Other
Whooping Cough,Whooping Cough,U.S. (Ohio),39.89121,-83.67739,901,,Epd,Other
Whooping Cough,Whooping Cough,U.S. (Oregon),43.80413,-120.5542,458,,Epd,Other
Measles,Measles,U.S. (Oregon),44.84464,-122.59274,1,,Isl,Other
Measles,Measles,"U.S. (Portland, Oregon)",45.52346,-122.68148,1,,Isl,Other
Measles,Measles,"U.S. (Pennsylvania, Perry County)",40.371376,-77.240515,5,,Clst,Other
Measles,Measles,"U.S. (Pennsylvania, Bucks County)",40.4108,-75.24791,4,,Isl,Other
Whooping Cough,Whooping Cough,U.S. (Pennsylvania),40.44508,-80.00877,46,,Clst,Other
Mumps,Mumps,U.S. (Pennsylvania),41.203322,-77.194525,9,,Clst,Other
Measles,Measles,U.S. (Rhode Island),41.580095,-71.477429,1,,Isl,Other
Whooping Cough,Whooping Cough,U.S. (South Carolina),34.90462,-82.64834,2,,Clst,Other
Whooping Cough,Whooping Cough,U.S. (South Dakota),43.969515,-99.901813,17,,2nd,Other
Measles,Measles,U.S. (Tennessee),35.517491,-86.580447,2,,Clst,Other
Measles,Measles,U.S. (Texas),31.968599,-99.901813,1,,Isl,Other
Measles,Measles,U.S. (Texas),29.77518,-95.31025,1,,Isl,Other
Measles,Measles,U.S. (Texas),32.7732,-97.35166,15,,Clst,Other
Measles,Measles,U.S. (Texas),32.72541,-97.32085,16,,Clst,Other
Mumps,Mumps,U.S. (Texas),31.968599,-99.001424,1,,Isl,Other
Whooping Cough,Whooping Cough,U.S. (Texas),31.13268,-97.52993,32,,Clst,Other
Whooping Cough,Whooping Cough,U.S. (Texas),30.26382,-97.77139,3482,,Epd,Other
Whooping Cough,Whooping Cough,"U.S. (Utah, Box Elder County)",41.756,-113.1918,7,,Clst,Other
Whooping Cough,Whooping Cough,"U.S. (Utah, Utah County)",41.53801,-111.57068,96,,Epd,Other
Whooping Cough,Whooping Cough,U.S. (Utah),40.96288,-112.09533,1497,,Epd,Other
Measles,Measles,U.S. (Utah),39.32098,-111.09373,4,,Clst,Other
Measles,Measles,"U.S. (Utah, Cache County)",41.756,-111.76147,6,,Isl,Other
Whooping Cough,Whooping Cough,U.S. (Vermont),44.5588,-72.57784,632,,Epd,Other
Measles,Measles,U.S. (Virginia),37.431573,-78.656894,6,,2nd,Other
Measles,Measles,U.S. (Virginia),37.431573,-78.656894,3,,2nd,Other
Mumps,Mumps,U.S. (Virginia),37.54072,-77.43605,15,,Clst,Other
Whooping Cough,Whooping Cough,U.S. (Washington),47.751074,-120.740139,2,1,Isl,Other
Whooping Cough,Whooping Cough,U.S. (Washington),47.44732,-122.45985,1987,,Epd,Other
Whooping Cough,Whooping Cough,"U.S. (Washington, Grant County)",47.19356,-119.29864,13,,Clst,Other
Whooping Cough,Whooping Cough,"U.S. (Washington, Island County)",48.19765,-122.57946,42,,Epd,Other
Whooping Cough,Whooping Cough,"U.S. (Washington, Skagit County)",48.4242,-121.71144,433,,Epd,Other
Whooping Cough,Whooping Cough,"U.S. (Washington, Snohomish County)",48.033,-121.83395,408,,Epd,Other
Whooping Cough,Whooping Cough,U.S. (Washington),47.28668,-119.28955,4783,,Epd,Other
Measles,Measles,"U.S. (Washington, King County)",47.56541,-122.00357,2,,Isl,Other
Measles,Measles,"U.S. (Washington, Cowlitz County)",46.1746472,-122.7746902,1,,Isl,Other
Measles,Measles,"U.S. (Washington, Seattle)",47.60621,-122.33207,2,,Isl,Other
Measles,Measles,U.S. (Washington),47.54803,-121.9836,2,,Isl,Other
Measles,Measles,U.S. (Wisconsin),43.78444,-88.78787,3,,2nd,Other
Whooping Cough,Whooping Cough,U.S. (Wisconsin),44.85045,-89.8505,1078,,Epd,Other
Whooping Cough,Whooping Cough,"U.S. (Wisconsin, Marathon County)",44.85045,-89.8505,100,,Epd,Other
Whooping Cough,Whooping Cough,"U.S. (Wisconsin, Pierce County)",44.75089,-92.38136,3,,Clst,Other
Whooping Cough,Whooping Cough,U.S. (Wisconsin),43.78444,-88.78787,814,,Epd,Other
Whooping Cough,Whooping Cough,U.S. (Wisconsin),44.26193,-88.41538,5923,,Epd,Other
Whooping Cough,Whooping Cough,"U.S. (Wisconsin, Wood County)",44.38358,-89.81735,31,,Epd,Other
Other,Ebola,Uganda,0.61522,32.95898,20,14,Clst,Other
Measles,Measles,Uganda,1.38963,32.25543,1313,,Epd,Other
Measles,Measles,Uganda,1.34158,32.32607,1216,,Epd,Other
Measles,Measles,Uganda,1.37333,32.29028,112,,Epd,Other
Measles,Measles,Uganda,0.78001,32.09106,3312,,Epd,Other
Measles,Measles,Uganda (Kiruhura),-0.1964,30.84425,38,1,Epd,Other
Measles,Measles,Uganda (Hoima),1.43194,31.3525,159,6,Epd,Other
Measles,Measles,Ukraine,49.83968,24.02972,1112,,Epd,Other
Measles,Measles,Ukraine,50.4501,30.5234,10329,,Epd,Other
Measles,Measles,Ukraine (Donetsk Region),48.015883,37.80285,20,,Clst,Other
Measles,Measles,Ukraine (Lviv Region),49.41097,26.08154,1952,,Epd,Other
Rubella,Rubella,Ukraine (Lviv Region),49.839683,24.029717,18,,Clst,Other
Measles,Measles,Vietnam,14.058324,108.277199,1,,Isl,Other
Mumps,Mumps,Vietnam,22.27594,104.19309,50,,Clst,Other
Measles,Measles,Yemen (Saada Province),16.847653,43.943679,157,,Epd,Other
Measles,Measles,Yemen (Sanaa),15.35203,44.20746,3800,150,Epd,Other
Measles,Measles,Zambia,-13.9234,25.65308,13324,,Epd,Other
Measles,Measles,Zambia,-13.1339,27.84933,10,,Clst,Other
Measles,Measles,Zambia,-13.133897,27.849332,68,,Epd,Other
Measles,Measles,Zambia,-13.133897,27.55532,3000,62,Epd,Other
Measles,Measles,Zambia,-13.09051,27.8421,15736,,Epd,Other
Measles,Measles,Zambia,-13.09051,27.8421,26,,Clst,Other
Measles,Measles,Zambia,-13.09954,27.85858,111,,Clst,Other
Measles,Measles,Zambia (Eastern Province),-13.805619,31.992808,6,,Clst,Other
Measles,Measles,Zambia (Kitwe),-12.80383,28.21314,53,,Clst,Other
Other,Typhoid,Zambia,-12.55824,28.28482,2094,2,Epd,Other
Other,Typhoid Fever,Zambia (Kabwe),-14.38343,28.39294,204,,Epd,Other
Measles,Measles,Zimbabwe,-6.846813,39.271016,500,500,Epd,Other
Measles,Measles,Zimbabwe,-17.82922,31.053961,154,,Epd,Other
Measles,Measles,Zimbabwe,-19.01579,29.13239,9993,,Epd,Other
Measles,Measles,Zimbabwe,-20.65335,29.83887,524,,Epd,Other
Measles,Measles,Zimbabwe,-19.06163,29.15308,2,,Isl,Other
Measles,Measles,Zimbabwe,-19.015438,29.154857,3285,200,Epd,Other
Measles,Measles,Zimbabwe (Chiweshe in Mazowe District),-22.070708,30.388184,70,24,Clst,Other
Other,Typhoid,Zimbabwe,-17.82922,31.05396,207,,Epd,Other
Other,Typhoid,Zimbabwe (Harare),-18.47961,29.35547,3000,,Epd,Other
Other,Typhoid,Zimbabwe (Harare),-17.90361,30.94389,unknown,5,Epd,Other
Measles,Measles,Russia (Kursk region),51.7634,35.38118,78,,Clst,Other
Measles,Measles,Philippines (Olongapo City),14.8762,120.29517,80,1,Clst,Other
Measles,Measles,Canada (Sasketchawan),52.93992,-106.45086,1,,Isl,Other
Measles,Measles,Singapore,1.28009,103.85095,1,,Isl,Other
Polio,Polio,"Pakistan (North Waziristan, FATA)",32.32024,69.85974,4,,Isl,Other
